-- phpMyAdmin SQL Dump
-- version 5.2.0
-- https://www.phpmyadmin.net/
--
-- Host: localhost:3306
-- Generation Time: Jan 29, 2026 at 05:11 PM
-- Server version: 8.0.30
-- PHP Version: 8.1.10

SET SQL_MODE = "NO_AUTO_VALUE_ON_ZERO";
START TRANSACTION;
SET time_zone = "+00:00";


/*!40101 SET @OLD_CHARACTER_SET_CLIENT=@@CHARACTER_SET_CLIENT */;
/*!40101 SET @OLD_CHARACTER_SET_RESULTS=@@CHARACTER_SET_RESULTS */;
/*!40101 SET @OLD_COLLATION_CONNECTION=@@COLLATION_CONNECTION */;
/*!40101 SET NAMES utf8mb4 */;

--
-- Database: `flight_booking`
--

-- --------------------------------------------------------

--
-- Table structure for table `airports`
--

CREATE TABLE `airports` (
  `id` int NOT NULL,
  `airport_code` varchar(10) NOT NULL,
  `airport_name` varchar(255) NOT NULL,
  `city` varchar(100) DEFAULT NULL,
  `country` varchar(100) DEFAULT NULL
) ENGINE=InnoDB DEFAULT CHARSET=utf8mb4 COLLATE=utf8mb4_0900_ai_ci;

--
-- Dumping data for table `airports`
--

INSERT INTO `airports` (`id`, `airport_code`, `airport_name`, `city`, `country`) VALUES
(1, 'KUL', 'KUALA LUMPUR INTERNATIONAL AIRPORT', 'KUALA LUMPUR', 'MALAYSIA'),
(2, 'PEN', 'PENANG INTERNATIONAL AIRPORT', 'PENANG', 'MALAYSIA'),
(3, 'KCH', 'KUCHING INTERNATIONAL AIRPORT', 'KUCHING', 'MALAYSIA'),
(4, 'BKI', 'KOTA KINABALU INTERNATIONAL AIRPORT', 'KOTA KINABALU', 'MALAYSIA'),
(5, 'JHB', 'JOHOR BAHRU SENAI INTERNATIONAL AIRPORT', 'JOHOR BAHRU', 'MALAYSIA');

-- --------------------------------------------------------

--
-- Table structure for table `bookings`
--

CREATE TABLE `bookings` (
  `id` int NOT NULL,
  `passenger_id` int DEFAULT NULL,
  `flight_id` int DEFAULT NULL,
  `booking_date` date DEFAULT NULL,
  `seat_number` varchar(10) DEFAULT NULL,
  `ticket_status` varchar(50) DEFAULT NULL,
  `payment_method` varchar(50) NOT NULL,
  `trip_type` varchar(20) DEFAULT 'One Way'
) ENGINE=InnoDB DEFAULT CHARSET=utf8mb4 COLLATE=utf8mb4_0900_ai_ci;

--
-- Dumping data for table `bookings`
--

INSERT INTO `bookings` (`id`, `passenger_id`, `flight_id`, `booking_date`, `seat_number`, `ticket_status`, `payment_method`, `trip_type`) VALUES
(1, 273, 12039, '2026-01-29', '13E', 'Confirmed', 'Credit/Debit Card', 'Round Trip'),
(2, 273, 12040, '2026-01-29', '17B', 'Confirmed', 'Credit/Debit Card', 'Round Trip');

-- --------------------------------------------------------

--
-- Table structure for table `flights`
--

CREATE TABLE `flights` (
  `id` int NOT NULL,
  `flight_number` varchar(20) NOT NULL,
  `origin_airport_id` int DEFAULT NULL,
  `dest_airport_id` int DEFAULT NULL,
  `departure_time` datetime DEFAULT NULL,
  `base_price` decimal(10,2) DEFAULT NULL,
  `airline_name` varchar(100) DEFAULT NULL,
  `arrival_time` datetime DEFAULT NULL
) ENGINE=InnoDB DEFAULT CHARSET=utf8mb4 COLLATE=utf8mb4_0900_ai_ci;

--
-- Dumping data for table `flights`
--

INSERT INTO `flights` (`id`, `flight_number`, `origin_airport_id`, `dest_airport_id`, `departure_time`, `base_price`, `airline_name`, `arrival_time`) VALUES
(10619, 'AK5863', 1, 2, '2026-01-28 00:30:00', '92.00', 'AirAsia', '2026-01-28 01:30:00'),
(10620, 'AK3782', 2, 1, '2026-01-28 03:30:00', '92.00', 'AirAsia', '2026-01-28 04:30:00'),
(10621, 'MH4842', 1, 2, '2026-01-28 02:00:00', '135.00', 'Malaysia Airlines', '2026-01-28 03:00:00'),
(10622, 'MH430', 2, 1, '2026-01-28 07:00:00', '135.00', 'Malaysia Airlines', '2026-01-28 08:00:00'),
(10623, 'FY8181', 1, 2, '2026-01-28 03:30:00', '100.00', 'Firefly', '2026-01-28 04:30:00'),
(10624, 'FY7068', 2, 1, '2026-01-28 06:30:00', '100.00', 'Firefly', '2026-01-28 07:30:00'),
(10625, 'AK9052', 1, 2, '2026-01-28 06:00:00', '90.00', 'AirAsia', '2026-01-28 07:00:00'),
(10626, 'AK9249', 2, 1, '2026-01-28 10:00:00', '90.00', 'AirAsia', '2026-01-28 11:00:00'),
(10627, 'MH3599', 1, 2, '2026-01-28 07:30:00', '174.00', 'Malaysia Airlines', '2026-01-28 08:30:00'),
(10628, 'MH1083', 2, 1, '2026-01-28 12:30:00', '174.00', 'Malaysia Airlines', '2026-01-28 13:30:00'),
(10629, 'FY9790', 1, 2, '2026-01-28 10:00:00', '97.00', 'Firefly', '2026-01-28 11:00:00'),
(10630, 'FY8909', 2, 1, '2026-01-28 14:00:00', '97.00', 'Firefly', '2026-01-28 15:00:00'),
(10631, 'AK5716', 1, 2, '2026-01-28 11:00:00', '98.00', 'AirAsia', '2026-01-28 12:00:00'),
(10632, 'AK3103', 2, 1, '2026-01-28 14:00:00', '98.00', 'AirAsia', '2026-01-28 15:00:00'),
(10633, 'AK9293', 1, 2, '2026-01-28 12:00:00', '84.00', 'AirAsia', '2026-01-28 13:00:00'),
(10634, 'AK1456', 2, 1, '2026-01-28 15:00:00', '84.00', 'AirAsia', '2026-01-28 16:00:00'),
(10635, 'MH1446', 1, 2, '2026-01-28 13:00:00', '127.00', 'Malaysia Airlines', '2026-01-28 14:00:00'),
(10636, 'MH961', 2, 1, '2026-01-28 16:00:00', '127.00', 'Malaysia Airlines', '2026-01-28 17:00:00'),
(10637, 'FY179', 1, 2, '2026-01-28 14:30:00', '89.00', 'Firefly', '2026-01-28 15:30:00'),
(10638, 'FY975', 2, 1, '2026-01-28 17:30:00', '89.00', 'Firefly', '2026-01-28 18:30:00'),
(10639, 'AK1818', 1, 2, '2026-01-28 15:00:00', '85.00', 'AirAsia', '2026-01-28 16:00:00'),
(10640, 'AK7666', 2, 1, '2026-01-28 19:00:00', '85.00', 'AirAsia', '2026-01-28 20:00:00'),
(10641, 'AK4847', 1, 2, '2026-01-28 19:00:00', '106.00', 'AirAsia', '2026-01-28 20:00:00'),
(10642, 'AK2128', 2, 1, '2026-01-28 22:00:00', '106.00', 'AirAsia', '2026-01-28 23:00:00'),
(10643, 'MH2582', 1, 2, '2026-01-28 21:00:00', '138.00', 'Malaysia Airlines', '2026-01-28 22:00:00'),
(10644, 'MH7504', 2, 1, '2026-01-29 00:00:00', '138.00', 'Malaysia Airlines', '2026-01-29 01:00:00'),
(10645, 'FY6199', 1, 2, '2026-01-28 22:00:00', '92.00', 'Firefly', '2026-01-28 23:00:00'),
(10646, 'FY3099', 2, 1, '2026-01-29 02:00:00', '92.00', 'Firefly', '2026-01-29 03:00:00'),
(10647, 'AK5964', 1, 5, '2026-01-28 02:00:00', '72.00', 'AirAsia', '2026-01-28 02:50:00'),
(10648, 'AK1826', 5, 1, '2026-01-28 05:50:00', '72.00', 'AirAsia', '2026-01-28 06:40:00'),
(10649, 'FY779', 1, 5, '2026-01-28 03:30:00', '70.00', 'Firefly', '2026-01-28 04:20:00'),
(10650, 'FY7551', 5, 1, '2026-01-28 07:20:00', '70.00', 'Firefly', '2026-01-28 08:10:00'),
(10651, 'AK8825', 1, 5, '2026-01-28 05:00:00', '74.00', 'AirAsia', '2026-01-28 05:50:00'),
(10652, 'AK852', 5, 1, '2026-01-28 07:50:00', '74.00', 'AirAsia', '2026-01-28 08:40:00'),
(10653, 'FY980', 1, 5, '2026-01-28 05:30:00', '70.00', 'Firefly', '2026-01-28 06:20:00'),
(10654, 'FY4627', 5, 1, '2026-01-28 09:20:00', '70.00', 'Firefly', '2026-01-28 10:10:00'),
(10655, 'AK2110', 1, 5, '2026-01-28 07:30:00', '82.00', 'AirAsia', '2026-01-28 08:20:00'),
(10656, 'AK7374', 5, 1, '2026-01-28 11:20:00', '82.00', 'AirAsia', '2026-01-28 12:10:00'),
(10657, 'FY492', 1, 5, '2026-01-28 08:45:00', '106.00', 'Firefly', '2026-01-28 09:35:00'),
(10658, 'FY1717', 5, 1, '2026-01-28 13:35:00', '106.00', 'Firefly', '2026-01-28 14:25:00'),
(10659, 'AK8548', 1, 5, '2026-01-28 09:30:00', '97.00', 'AirAsia', '2026-01-28 10:20:00'),
(10660, 'AK9887', 5, 1, '2026-01-28 14:20:00', '97.00', 'AirAsia', '2026-01-28 15:10:00'),
(10661, 'FY1576', 1, 5, '2026-01-28 11:00:00', '82.00', 'Firefly', '2026-01-28 11:50:00'),
(10662, 'FY7674', 5, 1, '2026-01-28 15:50:00', '82.00', 'Firefly', '2026-01-28 16:40:00'),
(10663, 'AK3954', 1, 5, '2026-01-28 15:00:00', '71.00', 'AirAsia', '2026-01-28 15:50:00'),
(10664, 'AK8764', 5, 1, '2026-01-28 18:50:00', '71.00', 'AirAsia', '2026-01-28 19:40:00'),
(10665, 'FY4023', 1, 5, '2026-01-28 16:00:00', '78.00', 'Firefly', '2026-01-28 16:50:00'),
(10666, 'FY5097', 5, 1, '2026-01-28 19:50:00', '78.00', 'Firefly', '2026-01-28 20:40:00'),
(10667, 'AK6842', 1, 5, '2026-01-28 17:00:00', '91.00', 'AirAsia', '2026-01-28 17:50:00'),
(10668, 'AK2671', 5, 1, '2026-01-28 21:50:00', '91.00', 'AirAsia', '2026-01-28 22:40:00'),
(10669, 'AK5647', 1, 5, '2026-01-28 19:00:00', '81.00', 'AirAsia', '2026-01-28 19:50:00'),
(10670, 'AK6889', 5, 1, '2026-01-28 22:50:00', '81.00', 'AirAsia', '2026-01-28 23:40:00'),
(10671, 'FY684', 1, 5, '2026-01-28 19:30:00', '93.00', 'Firefly', '2026-01-28 20:20:00'),
(10672, 'FY4325', 5, 1, '2026-01-28 22:20:00', '93.00', 'Firefly', '2026-01-28 23:10:00'),
(10673, 'AK8769', 1, 5, '2026-01-28 21:00:00', '68.00', 'AirAsia', '2026-01-28 21:50:00'),
(10674, 'AK3211', 5, 1, '2026-01-29 01:50:00', '68.00', 'AirAsia', '2026-01-29 02:40:00'),
(10675, 'FY3727', 1, 5, '2026-01-28 22:00:00', '71.00', 'Firefly', '2026-01-28 22:50:00'),
(10676, 'FY7850', 5, 1, '2026-01-29 02:50:00', '71.00', 'Firefly', '2026-01-29 03:40:00'),
(10677, 'AK425', 1, 4, '2026-01-28 00:30:00', '181.00', 'AirAsia', '2026-01-28 03:00:00'),
(10678, 'AK1766', 4, 1, '2026-01-28 05:00:00', '181.00', 'AirAsia', '2026-01-28 07:30:00'),
(10679, 'MH5275', 1, 4, '2026-01-28 05:00:00', '261.00', 'Malaysia Airlines', '2026-01-28 07:30:00'),
(10680, 'MH6134', 4, 1, '2026-01-28 11:30:00', '261.00', 'Malaysia Airlines', '2026-01-28 14:00:00'),
(10681, 'OD3375', 1, 4, '2026-01-28 05:30:00', '245.00', 'Batik Air Malaysia', '2026-01-28 08:00:00'),
(10682, 'OD369', 4, 1, '2026-01-28 12:00:00', '245.00', 'Batik Air Malaysia', '2026-01-28 14:30:00'),
(10683, 'AK9769', 1, 4, '2026-01-28 06:00:00', '197.00', 'AirAsia', '2026-01-28 08:30:00'),
(10684, 'AK5629', 4, 1, '2026-01-28 12:30:00', '197.00', 'AirAsia', '2026-01-28 15:00:00'),
(10685, 'MH6761', 1, 4, '2026-01-28 09:30:00', '384.00', 'Malaysia Airlines', '2026-01-28 12:00:00'),
(10686, 'MH7912', 4, 1, '2026-01-28 15:00:00', '384.00', 'Malaysia Airlines', '2026-01-28 17:30:00'),
(10687, 'OD5482', 1, 4, '2026-01-28 10:00:00', '209.00', 'Batik Air Malaysia', '2026-01-28 12:30:00'),
(10688, 'OD7422', 4, 1, '2026-01-28 15:30:00', '209.00', 'Batik Air Malaysia', '2026-01-28 18:00:00'),
(10689, 'AK7010', 1, 4, '2026-01-28 11:00:00', '183.00', 'AirAsia', '2026-01-28 13:30:00'),
(10690, 'AK4225', 4, 1, '2026-01-28 15:30:00', '183.00', 'AirAsia', '2026-01-28 18:00:00'),
(10691, 'AK2551', 1, 4, '2026-01-28 12:00:00', '208.00', 'AirAsia', '2026-01-28 14:30:00'),
(10692, 'AK8713', 4, 1, '2026-01-28 16:30:00', '208.00', 'AirAsia', '2026-01-28 19:00:00'),
(10693, 'MH1252', 1, 4, '2026-01-28 14:30:00', '275.00', 'Malaysia Airlines', '2026-01-28 17:00:00'),
(10694, 'MH9372', 4, 1, '2026-01-28 19:00:00', '275.00', 'Malaysia Airlines', '2026-01-28 21:30:00'),
(10695, 'OD9754', 1, 4, '2026-01-28 16:00:00', '234.00', 'Batik Air Malaysia', '2026-01-28 18:30:00'),
(10696, 'OD4757', 4, 1, '2026-01-28 21:30:00', '234.00', 'Batik Air Malaysia', '2026-01-29 00:00:00'),
(10697, 'AK5220', 1, 4, '2026-01-28 19:30:00', '271.00', 'AirAsia', '2026-01-28 22:00:00'),
(10698, 'AK8358', 4, 1, '2026-01-29 01:00:00', '271.00', 'AirAsia', '2026-01-29 03:30:00'),
(10699, 'MH2331', 1, 4, '2026-01-28 22:00:00', '261.00', 'Malaysia Airlines', '2026-01-29 00:30:00'),
(10700, 'MH4807', 4, 1, '2026-01-29 04:30:00', '261.00', 'Malaysia Airlines', '2026-01-29 07:00:00'),
(10701, 'OD7825', 1, 4, '2026-01-28 23:00:00', '218.00', 'Batik Air Malaysia', '2026-01-29 01:30:00'),
(10702, 'OD6964', 4, 1, '2026-01-29 03:30:00', '218.00', 'Batik Air Malaysia', '2026-01-29 06:00:00'),
(10703, 'AK5792', 1, 3, '2026-01-28 02:00:00', '164.00', 'AirAsia', '2026-01-28 03:45:00'),
(10704, 'AK1397', 3, 1, '2026-01-28 05:45:00', '164.00', 'AirAsia', '2026-01-28 07:30:00'),
(10705, 'MH6311', 1, 3, '2026-01-28 03:30:00', '208.00', 'Malaysia Airlines', '2026-01-28 05:15:00'),
(10706, 'MH6229', 3, 1, '2026-01-28 09:15:00', '208.00', 'Malaysia Airlines', '2026-01-28 11:00:00'),
(10707, 'OD6671', 1, 3, '2026-01-28 05:00:00', '188.00', 'Batik Air Malaysia', '2026-01-28 06:45:00'),
(10708, 'OD8806', 3, 1, '2026-01-28 08:45:00', '188.00', 'Batik Air Malaysia', '2026-01-28 10:30:00'),
(10709, 'AK8480', 1, 3, '2026-01-28 05:30:00', '149.00', 'AirAsia', '2026-01-28 07:15:00'),
(10710, 'AK7504', 3, 1, '2026-01-28 10:15:00', '149.00', 'AirAsia', '2026-01-28 12:00:00'),
(10711, 'AK7851', 1, 3, '2026-01-28 07:30:00', '175.00', 'AirAsia', '2026-01-28 09:15:00'),
(10712, 'AK474', 3, 1, '2026-01-28 13:15:00', '175.00', 'AirAsia', '2026-01-28 15:00:00'),
(10713, 'MH8471', 1, 3, '2026-01-28 10:00:00', '242.00', 'Malaysia Airlines', '2026-01-28 11:45:00'),
(10714, 'MH3035', 3, 1, '2026-01-28 14:45:00', '242.00', 'Malaysia Airlines', '2026-01-28 16:30:00'),
(10715, 'OD7211', 1, 3, '2026-01-28 11:00:00', '192.00', 'Batik Air Malaysia', '2026-01-28 12:45:00'),
(10716, 'OD3614', 3, 1, '2026-01-28 14:45:00', '192.00', 'Batik Air Malaysia', '2026-01-28 16:30:00'),
(10717, 'AK4255', 1, 3, '2026-01-28 12:00:00', '150.00', 'AirAsia', '2026-01-28 13:45:00'),
(10718, 'AK4801', 3, 1, '2026-01-28 15:45:00', '150.00', 'AirAsia', '2026-01-28 17:30:00'),
(10719, 'MH3038', 1, 3, '2026-01-28 15:00:00', '244.00', 'Malaysia Airlines', '2026-01-28 16:45:00'),
(10720, 'MH524', 3, 1, '2026-01-28 20:45:00', '244.00', 'Malaysia Airlines', '2026-01-28 22:30:00'),
(10721, 'OD5426', 1, 3, '2026-01-28 16:00:00', '183.00', 'Batik Air Malaysia', '2026-01-28 17:45:00'),
(10722, 'OD9799', 3, 1, '2026-01-28 21:45:00', '183.00', 'Batik Air Malaysia', '2026-01-28 23:30:00'),
(10723, 'AK4220', 1, 3, '2026-01-28 19:00:00', '206.00', 'AirAsia', '2026-01-28 20:45:00'),
(10724, 'AK8795', 3, 1, '2026-01-28 23:45:00', '206.00', 'AirAsia', '2026-01-29 01:30:00'),
(10725, 'MH9050', 1, 3, '2026-01-28 20:30:00', '311.00', 'Malaysia Airlines', '2026-01-28 22:15:00'),
(10726, 'MH3679', 3, 1, '2026-01-29 01:15:00', '311.00', 'Malaysia Airlines', '2026-01-29 03:00:00'),
(10727, 'OD4151', 1, 3, '2026-01-28 23:00:00', '179.00', 'Batik Air Malaysia', '2026-01-29 00:45:00'),
(10728, 'OD905', 3, 1, '2026-01-29 04:45:00', '179.00', 'Batik Air Malaysia', '2026-01-29 06:30:00'),
(10729, 'AK9929', 2, 5, '2026-01-28 00:30:00', '109.00', 'AirAsia', '2026-01-28 01:40:00'),
(10730, 'AK8765', 5, 2, '2026-01-28 05:40:00', '109.00', 'AirAsia', '2026-01-28 06:50:00'),
(10731, 'AK7291', 2, 5, '2026-01-28 03:30:00', '98.00', 'AirAsia', '2026-01-28 04:40:00'),
(10732, 'AK4728', 5, 2, '2026-01-28 08:40:00', '98.00', 'AirAsia', '2026-01-28 09:50:00'),
(10733, 'AK895', 2, 5, '2026-01-28 05:00:00', '104.00', 'AirAsia', '2026-01-28 06:10:00'),
(10734, 'AK8772', 5, 2, '2026-01-28 10:10:00', '104.00', 'AirAsia', '2026-01-28 11:20:00'),
(10735, 'AK4905', 2, 5, '2026-01-28 08:45:00', '133.00', 'AirAsia', '2026-01-28 09:55:00'),
(10736, 'AK5146', 5, 2, '2026-01-28 13:55:00', '133.00', 'AirAsia', '2026-01-28 15:05:00'),
(10737, 'AK7005', 2, 5, '2026-01-28 10:00:00', '93.00', 'AirAsia', '2026-01-28 11:10:00'),
(10738, 'AK5263', 5, 2, '2026-01-28 15:10:00', '93.00', 'AirAsia', '2026-01-28 16:20:00'),
(10739, 'AK6831', 2, 5, '2026-01-28 11:00:00', '103.00', 'AirAsia', '2026-01-28 12:10:00'),
(10740, 'AK2661', 5, 2, '2026-01-28 14:10:00', '103.00', 'AirAsia', '2026-01-28 15:20:00'),
(10741, 'AK9207', 2, 5, '2026-01-28 11:30:00', '101.00', 'AirAsia', '2026-01-28 12:40:00'),
(10742, 'AK3961', 5, 2, '2026-01-28 15:40:00', '101.00', 'AirAsia', '2026-01-28 16:50:00'),
(10743, 'AK9073', 2, 5, '2026-01-28 13:00:00', '100.00', 'AirAsia', '2026-01-28 14:10:00'),
(10744, 'AK1705', 5, 2, '2026-01-28 16:10:00', '100.00', 'AirAsia', '2026-01-28 17:20:00'),
(10745, 'AK8603', 2, 5, '2026-01-28 17:00:00', '139.00', 'AirAsia', '2026-01-28 18:10:00'),
(10746, 'AK9758', 5, 2, '2026-01-28 20:10:00', '139.00', 'AirAsia', '2026-01-28 21:20:00'),
(10747, 'AK8305', 2, 5, '2026-01-28 17:30:00', '117.00', 'AirAsia', '2026-01-28 18:40:00'),
(10748, 'AK1151', 5, 2, '2026-01-28 21:40:00', '117.00', 'AirAsia', '2026-01-28 22:50:00'),
(10749, 'AK7772', 2, 5, '2026-01-28 19:30:00', '129.00', 'AirAsia', '2026-01-28 20:40:00'),
(10750, 'AK8825', 5, 2, '2026-01-28 23:40:00', '129.00', 'AirAsia', '2026-01-29 00:50:00'),
(10751, 'AK6680', 2, 5, '2026-01-28 20:30:00', '130.00', 'AirAsia', '2026-01-28 21:40:00'),
(10752, 'AK196', 5, 2, '2026-01-29 01:40:00', '130.00', 'AirAsia', '2026-01-29 02:50:00'),
(10753, 'AK8764', 2, 5, '2026-01-28 21:00:00', '107.00', 'AirAsia', '2026-01-28 22:10:00'),
(10754, 'AK337', 5, 2, '2026-01-29 01:10:00', '107.00', 'AirAsia', '2026-01-29 02:20:00'),
(10755, 'AK8727', 2, 5, '2026-01-28 23:00:00', '99.00', 'AirAsia', '2026-01-29 00:10:00'),
(10756, 'AK5250', 5, 2, '2026-01-29 04:10:00', '99.00', 'AirAsia', '2026-01-29 05:20:00'),
(10757, 'AK7226', 4, 3, '2026-01-28 02:00:00', '123.00', 'AirAsia', '2026-01-28 03:30:00'),
(10758, 'AK6987', 3, 4, '2026-01-28 07:30:00', '123.00', 'AirAsia', '2026-01-28 09:00:00'),
(10759, 'MH9372', 4, 3, '2026-01-28 03:30:00', '194.00', 'Malaysia Airlines', '2026-01-28 05:00:00'),
(10760, 'MH8376', 3, 4, '2026-01-28 07:00:00', '194.00', 'Malaysia Airlines', '2026-01-28 08:30:00'),
(10761, 'AK6685', 4, 3, '2026-01-28 05:00:00', '117.00', 'AirAsia', '2026-01-28 06:30:00'),
(10762, 'AK1525', 3, 4, '2026-01-28 09:30:00', '117.00', 'AirAsia', '2026-01-28 11:00:00'),
(10763, 'MH869', 4, 3, '2026-01-28 05:30:00', '190.00', 'Malaysia Airlines', '2026-01-28 07:00:00'),
(10764, 'MH8274', 3, 4, '2026-01-28 11:00:00', '190.00', 'Malaysia Airlines', '2026-01-28 12:30:00'),
(10765, 'AK8205', 4, 3, '2026-01-28 06:00:00', '130.00', 'AirAsia', '2026-01-28 07:30:00'),
(10766, 'AK337', 3, 4, '2026-01-28 09:30:00', '130.00', 'AirAsia', '2026-01-28 11:00:00'),
(10767, 'MH6776', 4, 3, '2026-01-28 08:45:00', '227.00', 'Malaysia Airlines', '2026-01-28 10:15:00'),
(10768, 'MH6526', 3, 4, '2026-01-28 12:15:00', '227.00', 'Malaysia Airlines', '2026-01-28 13:45:00'),
(10769, 'AK7798', 4, 3, '2026-01-28 10:00:00', '133.00', 'AirAsia', '2026-01-28 11:30:00'),
(10770, 'AK8272', 3, 4, '2026-01-28 14:30:00', '133.00', 'AirAsia', '2026-01-28 16:00:00'),
(10771, 'MH6944', 4, 3, '2026-01-28 11:30:00', '210.00', 'Malaysia Airlines', '2026-01-28 13:00:00'),
(10772, 'MH1865', 3, 4, '2026-01-28 17:00:00', '210.00', 'Malaysia Airlines', '2026-01-28 18:30:00'),
(10773, 'AK1835', 4, 3, '2026-01-28 14:30:00', '130.00', 'AirAsia', '2026-01-28 16:00:00'),
(10774, 'AK1403', 3, 4, '2026-01-28 20:00:00', '130.00', 'AirAsia', '2026-01-28 21:30:00'),
(10775, 'MH4797', 4, 3, '2026-01-28 15:00:00', '200.00', 'Malaysia Airlines', '2026-01-28 16:30:00'),
(10776, 'MH1147', 3, 4, '2026-01-28 20:30:00', '200.00', 'Malaysia Airlines', '2026-01-28 22:00:00'),
(10777, 'AK5463', 4, 3, '2026-01-28 17:00:00', '181.00', 'AirAsia', '2026-01-28 18:30:00'),
(10778, 'AK8897', 3, 4, '2026-01-28 20:30:00', '181.00', 'AirAsia', '2026-01-28 22:00:00'),
(10779, 'MH762', 4, 3, '2026-01-28 17:30:00', '275.00', 'Malaysia Airlines', '2026-01-28 19:00:00'),
(10780, 'MH7473', 3, 4, '2026-01-28 22:00:00', '275.00', 'Malaysia Airlines', '2026-01-28 23:30:00'),
(10781, 'AK1192', 4, 3, '2026-01-28 18:00:00', '166.00', 'AirAsia', '2026-01-28 19:30:00'),
(10782, 'AK8483', 3, 4, '2026-01-28 21:30:00', '166.00', 'AirAsia', '2026-01-28 23:00:00'),
(10783, 'MH6226', 4, 3, '2026-01-28 19:00:00', '257.00', 'Malaysia Airlines', '2026-01-28 20:30:00'),
(10784, 'MH5302', 3, 4, '2026-01-28 22:30:00', '257.00', 'Malaysia Airlines', '2026-01-29 00:00:00'),
(10785, 'AK9946', 4, 3, '2026-01-28 23:00:00', '125.00', 'AirAsia', '2026-01-29 00:30:00'),
(10786, 'AK3309', 3, 4, '2026-01-29 03:30:00', '125.00', 'AirAsia', '2026-01-29 05:00:00'),
(10787, 'FY1042', 4, 5, '2026-01-28 00:30:00', '194.00', 'Firefly', '2026-01-28 01:42:00'),
(10788, 'FY8773', 5, 4, '2026-01-28 03:42:00', '194.00', 'Firefly', '2026-01-28 04:54:00'),
(10789, 'FY9308', 4, 5, '2026-01-28 02:00:00', '187.00', 'Firefly', '2026-01-28 03:12:00'),
(10790, 'FY7896', 5, 4, '2026-01-28 07:12:00', '187.00', 'Firefly', '2026-01-28 08:24:00'),
(10791, 'FY7674', 4, 5, '2026-01-28 03:30:00', '178.00', 'Firefly', '2026-01-28 04:42:00'),
(10792, 'FY3915', 5, 4, '2026-01-28 07:42:00', '178.00', 'Firefly', '2026-01-28 08:54:00'),
(10793, 'FY9178', 4, 5, '2026-01-28 05:00:00', '204.00', 'Firefly', '2026-01-28 06:12:00'),
(10794, 'FY8072', 5, 4, '2026-01-28 08:12:00', '204.00', 'Firefly', '2026-01-28 09:24:00'),
(10795, 'FY9054', 4, 5, '2026-01-28 07:30:00', '265.00', 'Firefly', '2026-01-28 08:42:00'),
(10796, 'FY4090', 5, 4, '2026-01-28 11:42:00', '265.00', 'Firefly', '2026-01-28 12:54:00'),
(10797, 'FY1236', 4, 5, '2026-01-28 08:45:00', '245.00', 'Firefly', '2026-01-28 09:57:00'),
(10798, 'FY3631', 5, 4, '2026-01-28 12:57:00', '245.00', 'Firefly', '2026-01-28 14:09:00'),
(10799, 'FY9576', 4, 5, '2026-01-28 10:00:00', '194.00', 'Firefly', '2026-01-28 11:12:00'),
(10800, 'FY4094', 5, 4, '2026-01-28 13:12:00', '194.00', 'Firefly', '2026-01-28 14:24:00'),
(10801, 'FY2826', 4, 5, '2026-01-28 11:30:00', '204.00', 'Firefly', '2026-01-28 12:42:00'),
(10802, 'FY1933', 5, 4, '2026-01-28 14:42:00', '204.00', 'Firefly', '2026-01-28 15:54:00'),
(10803, 'FY386', 4, 5, '2026-01-28 12:00:00', '191.00', 'Firefly', '2026-01-28 13:12:00'),
(10804, 'FY3669', 5, 4, '2026-01-28 15:12:00', '191.00', 'Firefly', '2026-01-28 16:24:00'),
(10805, 'FY210', 4, 5, '2026-01-28 14:30:00', '194.00', 'Firefly', '2026-01-28 15:42:00'),
(10806, 'FY7079', 5, 4, '2026-01-28 18:42:00', '194.00', 'Firefly', '2026-01-28 19:54:00'),
(10807, 'FY5215', 4, 5, '2026-01-28 16:00:00', '187.00', 'Firefly', '2026-01-28 17:12:00'),
(10808, 'FY8073', 5, 4, '2026-01-28 19:12:00', '187.00', 'Firefly', '2026-01-28 20:24:00'),
(10809, 'FY1950', 4, 5, '2026-01-28 17:00:00', '245.00', 'Firefly', '2026-01-28 18:12:00'),
(10810, 'FY1025', 5, 4, '2026-01-28 22:12:00', '245.00', 'Firefly', '2026-01-28 23:24:00'),
(10811, 'FY1044', 4, 5, '2026-01-28 19:30:00', '262.00', 'Firefly', '2026-01-28 20:42:00'),
(10812, 'FY8615', 5, 4, '2026-01-28 22:42:00', '262.00', 'Firefly', '2026-01-28 23:54:00'),
(10813, 'FY7837', 4, 5, '2026-01-28 20:30:00', '231.00', 'Firefly', '2026-01-28 21:42:00'),
(10814, 'FY3896', 5, 4, '2026-01-29 00:42:00', '231.00', 'Firefly', '2026-01-29 01:54:00'),
(10815, 'FY6039', 4, 5, '2026-01-28 21:00:00', '206.00', 'Firefly', '2026-01-28 22:12:00'),
(10816, 'FY5006', 5, 4, '2026-01-29 00:12:00', '206.00', 'Firefly', '2026-01-29 01:24:00'),
(10817, 'MH2490', 4, 2, '2026-01-28 02:00:00', '198.00', 'Malaysia Airlines', '2026-01-28 04:03:00'),
(10818, 'MH8910', 2, 4, '2026-01-28 06:03:00', '198.00', 'Malaysia Airlines', '2026-01-28 08:06:00'),
(10819, 'MH3540', 4, 2, '2026-01-28 03:30:00', '200.00', 'Malaysia Airlines', '2026-01-28 05:33:00'),
(10820, 'MH1414', 2, 4, '2026-01-28 08:33:00', '200.00', 'Malaysia Airlines', '2026-01-28 10:36:00'),
(10821, 'MH7438', 4, 2, '2026-01-28 05:00:00', '181.00', 'Malaysia Airlines', '2026-01-28 07:03:00'),
(10822, 'MH6352', 2, 4, '2026-01-28 09:03:00', '181.00', 'Malaysia Airlines', '2026-01-28 11:06:00'),
(10823, 'MH5462', 4, 2, '2026-01-28 05:30:00', '204.00', 'Malaysia Airlines', '2026-01-28 07:33:00'),
(10824, 'MH8249', 2, 4, '2026-01-28 11:33:00', '204.00', 'Malaysia Airlines', '2026-01-28 13:36:00'),
(10825, 'MH2825', 4, 2, '2026-01-28 06:00:00', '204.00', 'Malaysia Airlines', '2026-01-28 08:03:00'),
(10826, 'MH6547', 2, 4, '2026-01-28 11:03:00', '204.00', 'Malaysia Airlines', '2026-01-28 13:06:00'),
(10827, 'MH263', 4, 2, '2026-01-28 07:30:00', '231.00', 'Malaysia Airlines', '2026-01-28 09:33:00'),
(10828, 'MH8915', 2, 4, '2026-01-28 13:33:00', '231.00', 'Malaysia Airlines', '2026-01-28 15:36:00'),
(10829, 'MH2980', 4, 2, '2026-01-28 09:30:00', '241.00', 'Malaysia Airlines', '2026-01-28 11:33:00'),
(10830, 'MH5518', 2, 4, '2026-01-28 14:33:00', '241.00', 'Malaysia Airlines', '2026-01-28 16:36:00'),
(10831, 'MH5562', 4, 2, '2026-01-28 10:00:00', '185.00', 'Malaysia Airlines', '2026-01-28 12:03:00'),
(10832, 'MH4989', 2, 4, '2026-01-28 14:03:00', '185.00', 'Malaysia Airlines', '2026-01-28 16:06:00'),
(10833, 'MH6003', 4, 2, '2026-01-28 12:00:00', '198.00', 'Malaysia Airlines', '2026-01-28 14:03:00'),
(10834, 'MH1448', 2, 4, '2026-01-28 18:03:00', '198.00', 'Malaysia Airlines', '2026-01-28 20:06:00'),
(10835, 'MH6273', 4, 2, '2026-01-28 14:30:00', '198.00', 'Malaysia Airlines', '2026-01-28 16:33:00'),
(10836, 'MH5690', 2, 4, '2026-01-28 18:33:00', '198.00', 'Malaysia Airlines', '2026-01-28 20:36:00'),
(10837, 'MH6070', 4, 2, '2026-01-28 16:00:00', '193.00', 'Malaysia Airlines', '2026-01-28 18:03:00'),
(10838, 'MH4079', 2, 4, '2026-01-28 20:03:00', '193.00', 'Malaysia Airlines', '2026-01-28 22:06:00'),
(10839, 'MH9585', 4, 2, '2026-01-28 18:00:00', '251.00', 'Malaysia Airlines', '2026-01-28 20:03:00'),
(10840, 'MH8528', 2, 4, '2026-01-28 22:03:00', '251.00', 'Malaysia Airlines', '2026-01-29 00:06:00'),
(10841, 'MH1209', 4, 2, '2026-01-28 20:30:00', '229.00', 'Malaysia Airlines', '2026-01-28 22:33:00'),
(10842, 'MH4969', 2, 4, '2026-01-29 00:33:00', '229.00', 'Malaysia Airlines', '2026-01-29 02:36:00'),
(10843, 'MH7666', 4, 2, '2026-01-28 21:00:00', '183.00', 'Malaysia Airlines', '2026-01-28 23:03:00'),
(10844, 'MH1780', 2, 4, '2026-01-29 03:03:00', '183.00', 'Malaysia Airlines', '2026-01-29 05:06:00'),
(10845, 'MH2357', 4, 2, '2026-01-28 23:00:00', '185.00', 'Malaysia Airlines', '2026-01-29 01:03:00'),
(10846, 'MH2168', 2, 4, '2026-01-29 05:03:00', '185.00', 'Malaysia Airlines', '2026-01-29 07:06:00'),
(10847, 'OD5680', 5, 3, '2026-01-28 02:00:00', '178.00', 'Batik Air Malaysia', '2026-01-28 03:53:00'),
(10848, 'OD4042', 3, 5, '2026-01-28 06:53:00', '178.00', 'Batik Air Malaysia', '2026-01-28 08:46:00'),
(10849, 'OD8534', 5, 3, '2026-01-28 03:30:00', '180.00', 'Batik Air Malaysia', '2026-01-28 05:23:00'),
(10850, 'OD317', 3, 5, '2026-01-28 09:23:00', '180.00', 'Batik Air Malaysia', '2026-01-28 11:16:00'),
(10851, 'OD3590', 5, 3, '2026-01-28 05:00:00', '166.00', 'Batik Air Malaysia', '2026-01-28 06:53:00'),
(10852, 'OD5878', 3, 5, '2026-01-28 09:53:00', '166.00', 'Batik Air Malaysia', '2026-01-28 11:46:00'),
(10853, 'OD7845', 5, 3, '2026-01-28 08:45:00', '218.00', 'Batik Air Malaysia', '2026-01-28 10:38:00'),
(10854, 'OD5600', 3, 5, '2026-01-28 14:38:00', '218.00', 'Batik Air Malaysia', '2026-01-28 16:31:00'),
(10855, 'OD3322', 5, 3, '2026-01-28 09:30:00', '198.00', 'Batik Air Malaysia', '2026-01-28 11:23:00'),
(10856, 'OD4442', 3, 5, '2026-01-28 15:23:00', '198.00', 'Batik Air Malaysia', '2026-01-28 17:16:00'),
(10857, 'OD8308', 5, 3, '2026-01-28 11:30:00', '153.00', 'Batik Air Malaysia', '2026-01-28 13:23:00'),
(10858, 'OD5364', 3, 5, '2026-01-28 15:23:00', '153.00', 'Batik Air Malaysia', '2026-01-28 17:16:00'),
(10859, 'OD8543', 5, 3, '2026-01-28 13:00:00', '156.00', 'Batik Air Malaysia', '2026-01-28 14:53:00'),
(10860, 'OD2336', 3, 5, '2026-01-28 16:53:00', '156.00', 'Batik Air Malaysia', '2026-01-28 18:46:00'),
(10861, 'OD445', 5, 3, '2026-01-28 16:00:00', '155.00', 'Batik Air Malaysia', '2026-01-28 17:53:00'),
(10862, 'OD5921', 3, 5, '2026-01-28 20:53:00', '155.00', 'Batik Air Malaysia', '2026-01-28 22:46:00'),
(10863, 'OD9046', 5, 3, '2026-01-28 17:00:00', '207.00', 'Batik Air Malaysia', '2026-01-28 18:53:00'),
(10864, 'OD2202', 3, 5, '2026-01-28 21:53:00', '207.00', 'Batik Air Malaysia', '2026-01-28 23:46:00'),
(10865, 'OD1002', 5, 3, '2026-01-28 17:30:00', '227.00', 'Batik Air Malaysia', '2026-01-28 19:23:00'),
(10866, 'OD3656', 3, 5, '2026-01-28 21:23:00', '227.00', 'Batik Air Malaysia', '2026-01-28 23:16:00'),
(10867, 'OD1199', 5, 3, '2026-01-28 18:00:00', '214.00', 'Batik Air Malaysia', '2026-01-28 19:53:00'),
(10868, 'OD2125', 3, 5, '2026-01-28 23:53:00', '214.00', 'Batik Air Malaysia', '2026-01-29 01:46:00'),
(10869, 'OD811', 5, 3, '2026-01-28 19:00:00', '205.00', 'Batik Air Malaysia', '2026-01-28 20:53:00'),
(10870, 'OD110', 3, 5, '2026-01-28 23:53:00', '205.00', 'Batik Air Malaysia', '2026-01-29 01:46:00'),
(10871, 'OD8608', 5, 3, '2026-01-28 20:30:00', '235.00', 'Batik Air Malaysia', '2026-01-28 22:23:00'),
(10872, 'OD2920', 3, 5, '2026-01-29 00:23:00', '235.00', 'Batik Air Malaysia', '2026-01-29 02:16:00'),
(10873, 'OD8522', 5, 3, '2026-01-28 22:00:00', '185.00', 'Batik Air Malaysia', '2026-01-28 23:53:00'),
(10874, 'OD1779', 3, 5, '2026-01-29 03:53:00', '185.00', 'Batik Air Malaysia', '2026-01-29 05:46:00'),
(10875, 'AK1019', 3, 2, '2026-01-28 00:30:00', '138.00', 'AirAsia', '2026-01-28 02:13:00'),
(10876, 'AK1923', 2, 3, '2026-01-28 04:13:00', '138.00', 'AirAsia', '2026-01-28 05:56:00'),
(10877, 'AK1478', 3, 2, '2026-01-28 03:30:00', '149.00', 'AirAsia', '2026-01-28 05:13:00'),
(10878, 'AK9226', 2, 3, '2026-01-28 07:13:00', '149.00', 'AirAsia', '2026-01-28 08:56:00'),
(10879, 'AK8821', 3, 2, '2026-01-28 05:00:00', '135.00', 'AirAsia', '2026-01-28 06:43:00'),
(10880, 'AK8088', 2, 3, '2026-01-28 08:43:00', '135.00', 'AirAsia', '2026-01-28 10:26:00'),
(10881, 'AK5326', 3, 2, '2026-01-28 05:30:00', '131.00', 'AirAsia', '2026-01-28 07:13:00'),
(10882, 'AK8119', 2, 3, '2026-01-28 10:13:00', '131.00', 'AirAsia', '2026-01-28 11:56:00'),
(10883, 'AK2212', 3, 2, '2026-01-28 09:30:00', '189.00', 'AirAsia', '2026-01-28 11:13:00'),
(10884, 'AK3138', 2, 3, '2026-01-28 14:13:00', '189.00', 'AirAsia', '2026-01-28 15:56:00'),
(10885, 'AK2687', 3, 2, '2026-01-28 10:00:00', '135.00', 'AirAsia', '2026-01-28 11:43:00'),
(10886, 'AK4466', 2, 3, '2026-01-28 14:43:00', '135.00', 'AirAsia', '2026-01-28 16:26:00'),
(10887, 'AK7290', 3, 2, '2026-01-28 11:30:00', '142.00', 'AirAsia', '2026-01-28 13:13:00'),
(10888, 'AK6879', 2, 3, '2026-01-28 15:13:00', '142.00', 'AirAsia', '2026-01-28 16:56:00'),
(10889, 'AK9230', 3, 2, '2026-01-28 14:30:00', '136.00', 'AirAsia', '2026-01-28 16:13:00'),
(10890, 'AK4578', 2, 3, '2026-01-28 19:13:00', '136.00', 'AirAsia', '2026-01-28 20:56:00'),
(10891, 'AK9025', 3, 2, '2026-01-28 15:00:00', '156.00', 'AirAsia', '2026-01-28 16:43:00'),
(10892, 'AK4707', 2, 3, '2026-01-28 20:43:00', '156.00', 'AirAsia', '2026-01-28 22:26:00'),
(10893, 'AK7543', 3, 2, '2026-01-28 16:00:00', '133.00', 'AirAsia', '2026-01-28 17:43:00'),
(10894, 'AK1645', 2, 3, '2026-01-28 21:43:00', '133.00', 'AirAsia', '2026-01-28 23:26:00'),
(10895, 'AK8419', 3, 2, '2026-01-28 18:00:00', '174.00', 'AirAsia', '2026-01-28 19:43:00'),
(10896, 'AK1565', 2, 3, '2026-01-28 22:43:00', '174.00', 'AirAsia', '2026-01-29 00:26:00'),
(10897, 'AK7490', 3, 2, '2026-01-28 19:00:00', '200.00', 'AirAsia', '2026-01-28 20:43:00'),
(10898, 'AK7628', 2, 3, '2026-01-29 00:43:00', '200.00', 'AirAsia', '2026-01-29 02:26:00'),
(10899, 'AK6070', 3, 2, '2026-01-28 19:30:00', '191.00', 'AirAsia', '2026-01-28 21:13:00'),
(10900, 'AK594', 2, 3, '2026-01-29 01:13:00', '191.00', 'AirAsia', '2026-01-29 02:56:00'),
(10901, 'AK2675', 1, 2, '2026-01-29 00:30:00', '81.00', 'AirAsia', '2026-01-29 01:30:00'),
(10902, 'AK3311', 2, 1, '2026-01-29 03:30:00', '81.00', 'AirAsia', '2026-01-29 04:30:00'),
(10903, 'MH2117', 1, 2, '2026-01-29 02:00:00', '135.00', 'Malaysia Airlines', '2026-01-29 03:00:00'),
(10904, 'MH7391', 2, 1, '2026-01-29 05:00:00', '135.00', 'Malaysia Airlines', '2026-01-29 06:00:00'),
(10905, 'FY1245', 1, 2, '2026-01-29 05:00:00', '90.00', 'Firefly', '2026-01-29 06:00:00'),
(10906, 'FY8990', 2, 1, '2026-01-29 10:00:00', '90.00', 'Firefly', '2026-01-29 11:00:00'),
(10907, 'AK1091', 1, 2, '2026-01-29 05:30:00', '82.00', 'AirAsia', '2026-01-29 06:30:00'),
(10908, 'AK1575', 2, 1, '2026-01-29 08:30:00', '82.00', 'AirAsia', '2026-01-29 09:30:00'),
(10909, 'AK3052', 1, 2, '2026-01-29 06:00:00', '92.00', 'AirAsia', '2026-01-29 07:00:00'),
(10910, 'AK5349', 2, 1, '2026-01-29 09:00:00', '92.00', 'AirAsia', '2026-01-29 10:00:00'),
(10911, 'MH4777', 1, 2, '2026-01-29 07:30:00', '160.00', 'Malaysia Airlines', '2026-01-29 08:30:00'),
(10912, 'MH9231', 2, 1, '2026-01-29 11:30:00', '160.00', 'Malaysia Airlines', '2026-01-29 12:30:00'),
(10913, 'FY1096', 1, 2, '2026-01-29 08:45:00', '133.00', 'Firefly', '2026-01-29 09:45:00'),
(10914, 'FY1195', 2, 1, '2026-01-29 13:45:00', '133.00', 'Firefly', '2026-01-29 14:45:00'),
(10915, 'AK1343', 1, 2, '2026-01-29 10:00:00', '86.00', 'AirAsia', '2026-01-29 11:00:00'),
(10916, 'AK7225', 2, 1, '2026-01-29 13:00:00', '86.00', 'AirAsia', '2026-01-29 14:00:00'),
(10917, 'AK4171', 1, 2, '2026-01-29 12:00:00', '97.00', 'AirAsia', '2026-01-29 13:00:00'),
(10918, 'AK5345', 2, 1, '2026-01-29 16:00:00', '97.00', 'AirAsia', '2026-01-29 17:00:00'),
(10919, 'MH2412', 1, 2, '2026-01-29 13:00:00', '143.00', 'Malaysia Airlines', '2026-01-29 14:00:00'),
(10920, 'MH2950', 2, 1, '2026-01-29 16:00:00', '143.00', 'Malaysia Airlines', '2026-01-29 17:00:00'),
(10921, 'FY9801', 1, 2, '2026-01-29 17:00:00', '119.00', 'Firefly', '2026-01-29 18:00:00'),
(10922, 'FY8372', 2, 1, '2026-01-29 21:00:00', '119.00', 'Firefly', '2026-01-29 22:00:00'),
(10923, 'AK7619', 1, 2, '2026-01-29 17:30:00', '122.00', 'AirAsia', '2026-01-29 18:30:00'),
(10924, 'AK2969', 2, 1, '2026-01-29 21:30:00', '122.00', 'AirAsia', '2026-01-29 22:30:00'),
(10925, 'AK6943', 1, 2, '2026-01-29 18:00:00', '116.00', 'AirAsia', '2026-01-29 19:00:00'),
(10926, 'AK8894', 2, 1, '2026-01-29 23:00:00', '116.00', 'AirAsia', '2026-01-30 00:00:00'),
(10927, 'MH3624', 1, 2, '2026-01-29 19:30:00', '181.00', 'Malaysia Airlines', '2026-01-29 20:30:00'),
(10928, 'MH7695', 2, 1, '2026-01-29 22:30:00', '181.00', 'Malaysia Airlines', '2026-01-29 23:30:00'),
(10929, 'FY2920', 1, 2, '2026-01-29 21:00:00', '103.00', 'Firefly', '2026-01-29 22:00:00'),
(10930, 'FY2200', 2, 1, '2026-01-30 01:00:00', '103.00', 'Firefly', '2026-01-30 02:00:00'),
(10931, 'AK3213', 1, 5, '2026-01-29 00:30:00', '70.00', 'AirAsia', '2026-01-29 01:20:00'),
(10932, 'AK4361', 5, 1, '2026-01-29 05:20:00', '70.00', 'AirAsia', '2026-01-29 06:10:00'),
(10933, 'FY4550', 1, 5, '2026-01-29 02:00:00', '82.00', 'Firefly', '2026-01-29 02:50:00'),
(10934, 'FY1143', 5, 1, '2026-01-29 06:50:00', '82.00', 'Firefly', '2026-01-29 07:40:00'),
(10935, 'AK5043', 1, 5, '2026-01-29 03:30:00', '63.00', 'AirAsia', '2026-01-29 04:20:00'),
(10936, 'AK1811', 5, 1, '2026-01-29 07:20:00', '63.00', 'AirAsia', '2026-01-29 08:10:00'),
(10937, 'FY2583', 1, 5, '2026-01-29 05:30:00', '78.00', 'Firefly', '2026-01-29 06:20:00'),
(10938, 'FY6966', 5, 1, '2026-01-29 09:20:00', '78.00', 'Firefly', '2026-01-29 10:10:00'),
(10939, 'AK9918', 1, 5, '2026-01-29 06:00:00', '70.00', 'AirAsia', '2026-01-29 06:50:00'),
(10940, 'AK1879', 5, 1, '2026-01-29 09:50:00', '70.00', 'AirAsia', '2026-01-29 10:40:00'),
(10941, 'FY8922', 1, 5, '2026-01-29 08:45:00', '95.00', 'Firefly', '2026-01-29 09:35:00'),
(10942, 'FY194', 5, 1, '2026-01-29 12:35:00', '95.00', 'Firefly', '2026-01-29 13:25:00'),
(10943, 'AK5677', 1, 5, '2026-01-29 11:30:00', '73.00', 'AirAsia', '2026-01-29 12:20:00'),
(10944, 'AK6128', 5, 1, '2026-01-29 16:20:00', '73.00', 'AirAsia', '2026-01-29 17:10:00'),
(10945, 'AK3453', 1, 5, '2026-01-29 15:00:00', '72.00', 'AirAsia', '2026-01-29 15:50:00'),
(10946, 'AK7985', 5, 1, '2026-01-29 17:50:00', '72.00', 'AirAsia', '2026-01-29 18:40:00'),
(10947, 'FY5401', 1, 5, '2026-01-29 17:00:00', '104.00', 'Firefly', '2026-01-29 17:50:00'),
(10948, 'FY4477', 5, 1, '2026-01-29 21:50:00', '104.00', 'Firefly', '2026-01-29 22:40:00'),
(10949, 'AK4296', 1, 5, '2026-01-29 17:30:00', '86.00', 'AirAsia', '2026-01-29 18:20:00'),
(10950, 'AK5618', 5, 1, '2026-01-29 22:20:00', '86.00', 'AirAsia', '2026-01-29 23:10:00'),
(10951, 'AK9490', 1, 5, '2026-01-29 18:00:00', '99.00', 'AirAsia', '2026-01-29 18:50:00'),
(10952, 'AK3351', 5, 1, '2026-01-29 21:50:00', '99.00', 'AirAsia', '2026-01-29 22:40:00'),
(10953, 'FY581', 1, 5, '2026-01-29 19:30:00', '91.00', 'Firefly', '2026-01-29 20:20:00'),
(10954, 'FY1072', 5, 1, '2026-01-30 00:20:00', '91.00', 'Firefly', '2026-01-30 01:10:00'),
(10955, 'AK1734', 1, 5, '2026-01-29 20:30:00', '82.00', 'AirAsia', '2026-01-29 21:20:00'),
(10956, 'AK2026', 5, 1, '2026-01-30 01:20:00', '82.00', 'AirAsia', '2026-01-30 02:10:00'),
(10957, 'FY2770', 1, 5, '2026-01-29 21:00:00', '82.00', 'Firefly', '2026-01-29 21:50:00'),
(10958, 'FY2972', 5, 1, '2026-01-29 23:50:00', '82.00', 'Firefly', '2026-01-30 00:40:00'),
(10959, 'AK5454', 1, 4, '2026-01-29 00:30:00', '176.00', 'AirAsia', '2026-01-29 03:00:00'),
(10960, 'AK3591', 4, 1, '2026-01-29 05:00:00', '176.00', 'AirAsia', '2026-01-29 07:30:00'),
(10961, 'MH1600', 1, 4, '2026-01-29 03:30:00', '281.00', 'Malaysia Airlines', '2026-01-29 06:00:00'),
(10962, 'MH8100', 4, 1, '2026-01-29 10:00:00', '281.00', 'Malaysia Airlines', '2026-01-29 12:30:00'),
(10963, 'OD3103', 1, 4, '2026-01-29 05:00:00', '250.00', 'Batik Air Malaysia', '2026-01-29 07:30:00'),
(10964, 'OD2723', 4, 1, '2026-01-29 11:30:00', '250.00', 'Batik Air Malaysia', '2026-01-29 14:00:00'),
(10965, 'AK7493', 1, 4, '2026-01-29 05:30:00', '195.00', 'AirAsia', '2026-01-29 08:00:00'),
(10966, 'AK8016', 4, 1, '2026-01-29 12:00:00', '195.00', 'AirAsia', '2026-01-29 14:30:00'),
(10967, 'AK9882', 1, 4, '2026-01-29 07:30:00', '258.00', 'AirAsia', '2026-01-29 10:00:00'),
(10968, 'AK8947', 4, 1, '2026-01-29 13:00:00', '258.00', 'AirAsia', '2026-01-29 15:30:00'),
(10969, 'MH8940', 1, 4, '2026-01-29 11:00:00', '304.00', 'Malaysia Airlines', '2026-01-29 13:30:00'),
(10970, 'MH4469', 4, 1, '2026-01-29 16:30:00', '304.00', 'Malaysia Airlines', '2026-01-29 19:00:00'),
(10971, 'OD9493', 1, 4, '2026-01-29 11:30:00', '209.00', 'Batik Air Malaysia', '2026-01-29 14:00:00'),
(10972, 'OD7051', 4, 1, '2026-01-29 16:00:00', '209.00', 'Batik Air Malaysia', '2026-01-29 18:30:00'),
(10973, 'AK713', 1, 4, '2026-01-29 12:00:00', '181.00', 'AirAsia', '2026-01-29 14:30:00'),
(10974, 'AK6187', 4, 1, '2026-01-29 18:30:00', '181.00', 'AirAsia', '2026-01-29 21:00:00'),
(10975, 'MH6323', 1, 4, '2026-01-29 13:00:00', '275.00', 'Malaysia Airlines', '2026-01-29 15:30:00'),
(10976, 'MH6752', 4, 1, '2026-01-29 18:30:00', '275.00', 'Malaysia Airlines', '2026-01-29 21:00:00'),
(10977, 'OD7089', 1, 4, '2026-01-29 15:00:00', '216.00', 'Batik Air Malaysia', '2026-01-29 17:30:00'),
(10978, 'OD8907', 4, 1, '2026-01-29 19:30:00', '216.00', 'Batik Air Malaysia', '2026-01-29 22:00:00'),
(10979, 'AK7679', 1, 4, '2026-01-29 16:00:00', '181.00', 'AirAsia', '2026-01-29 18:30:00'),
(10980, 'AK3829', 4, 1, '2026-01-29 20:30:00', '181.00', 'AirAsia', '2026-01-29 23:00:00'),
(10981, 'AK3679', 1, 4, '2026-01-29 19:00:00', '224.00', 'AirAsia', '2026-01-29 21:30:00'),
(10982, 'AK1041', 4, 1, '2026-01-30 00:30:00', '224.00', 'AirAsia', '2026-01-30 03:00:00'),
(10983, 'MH9045', 1, 4, '2026-01-29 21:00:00', '258.00', 'Malaysia Airlines', '2026-01-29 23:30:00'),
(10984, 'MH5655', 4, 1, '2026-01-30 01:30:00', '258.00', 'Malaysia Airlines', '2026-01-30 04:00:00'),
(10985, 'OD2870', 1, 4, '2026-01-29 22:00:00', '211.00', 'Batik Air Malaysia', '2026-01-30 00:30:00'),
(10986, 'OD1960', 4, 1, '2026-01-30 04:30:00', '211.00', 'Batik Air Malaysia', '2026-01-30 07:00:00'),
(10987, 'AK3795', 1, 3, '2026-01-29 00:30:00', '142.00', 'AirAsia', '2026-01-29 02:15:00'),
(10988, 'AK4521', 3, 1, '2026-01-29 05:15:00', '142.00', 'AirAsia', '2026-01-29 07:00:00'),
(10989, 'MH3471', 1, 3, '2026-01-29 02:00:00', '222.00', 'Malaysia Airlines', '2026-01-29 03:45:00'),
(10990, 'MH5628', 3, 1, '2026-01-29 06:45:00', '222.00', 'Malaysia Airlines', '2026-01-29 08:30:00'),
(10991, 'OD9284', 1, 3, '2026-01-29 05:00:00', '181.00', 'Batik Air Malaysia', '2026-01-29 06:45:00'),
(10992, 'OD8689', 3, 1, '2026-01-29 08:45:00', '181.00', 'Batik Air Malaysia', '2026-01-29 10:30:00'),
(10993, 'AK1769', 1, 3, '2026-01-29 06:00:00', '156.00', 'AirAsia', '2026-01-29 07:45:00'),
(10994, 'AK3294', 3, 1, '2026-01-29 09:45:00', '156.00', 'AirAsia', '2026-01-29 11:30:00'),
(10995, 'MH1568', 1, 3, '2026-01-29 09:30:00', '276.00', 'Malaysia Airlines', '2026-01-29 11:15:00'),
(10996, 'MH3722', 3, 1, '2026-01-29 13:15:00', '276.00', 'Malaysia Airlines', '2026-01-29 15:00:00'),
(10997, 'OD6348', 1, 3, '2026-01-29 11:30:00', '179.00', 'Batik Air Malaysia', '2026-01-29 13:15:00'),
(10998, 'OD9694', 3, 1, '2026-01-29 16:15:00', '179.00', 'Batik Air Malaysia', '2026-01-29 18:00:00'),
(10999, 'AK3109', 1, 3, '2026-01-29 14:30:00', '158.00', 'AirAsia', '2026-01-29 16:15:00'),
(11000, 'AK7215', 3, 1, '2026-01-29 20:15:00', '158.00', 'AirAsia', '2026-01-29 22:00:00'),
(11001, 'MH5345', 1, 3, '2026-01-29 15:00:00', '231.00', 'Malaysia Airlines', '2026-01-29 16:45:00'),
(11002, 'MH9365', 3, 1, '2026-01-29 20:45:00', '231.00', 'Malaysia Airlines', '2026-01-29 22:30:00'),
(11003, 'OD8327', 1, 3, '2026-01-29 17:00:00', '251.00', 'Batik Air Malaysia', '2026-01-29 18:45:00'),
(11004, 'OD1176', 3, 1, '2026-01-29 20:45:00', '251.00', 'Batik Air Malaysia', '2026-01-29 22:30:00'),
(11005, 'AK6676', 1, 3, '2026-01-29 17:30:00', '192.00', 'AirAsia', '2026-01-29 19:15:00'),
(11006, 'AK4503', 3, 1, '2026-01-29 21:15:00', '192.00', 'AirAsia', '2026-01-29 23:00:00'),
(11007, 'AK8325', 1, 3, '2026-01-29 20:30:00', '204.00', 'AirAsia', '2026-01-29 22:15:00'),
(11008, 'AK7521', 3, 1, '2026-01-30 00:15:00', '204.00', 'AirAsia', '2026-01-30 02:00:00'),
(11009, 'MH2162', 1, 3, '2026-01-29 21:00:00', '213.00', 'Malaysia Airlines', '2026-01-29 22:45:00'),
(11010, 'MH6179', 3, 1, '2026-01-30 01:45:00', '213.00', 'Malaysia Airlines', '2026-01-30 03:30:00'),
(11011, 'OD4563', 1, 3, '2026-01-29 22:00:00', '188.00', 'Batik Air Malaysia', '2026-01-29 23:45:00'),
(11012, 'OD2423', 3, 1, '2026-01-30 01:45:00', '188.00', 'Batik Air Malaysia', '2026-01-30 03:30:00'),
(11013, 'AK132', 1, 3, '2026-01-29 23:00:00', '153.00', 'AirAsia', '2026-01-30 00:45:00'),
(11014, 'AK3888', 3, 1, '2026-01-30 04:45:00', '153.00', 'AirAsia', '2026-01-30 06:30:00'),
(11015, 'AK9679', 2, 5, '2026-01-29 02:00:00', '96.00', 'AirAsia', '2026-01-29 03:10:00'),
(11016, 'AK2635', 5, 2, '2026-01-29 05:10:00', '96.00', 'AirAsia', '2026-01-29 06:20:00'),
(11017, 'AK2984', 2, 5, '2026-01-29 03:30:00', '101.00', 'AirAsia', '2026-01-29 04:40:00'),
(11018, 'AK6903', 5, 2, '2026-01-29 07:40:00', '101.00', 'AirAsia', '2026-01-29 08:50:00'),
(11019, 'AK3220', 2, 5, '2026-01-29 05:00:00', '97.00', 'AirAsia', '2026-01-29 06:10:00'),
(11020, 'AK1993', 5, 2, '2026-01-29 09:10:00', '97.00', 'AirAsia', '2026-01-29 10:20:00'),
(11021, 'AK4283', 2, 5, '2026-01-29 06:00:00', '104.00', 'AirAsia', '2026-01-29 07:10:00'),
(11022, 'AK4970', 5, 2, '2026-01-29 11:10:00', '104.00', 'AirAsia', '2026-01-29 12:20:00'),
(11023, 'AK8547', 2, 5, '2026-01-29 08:45:00', '138.00', 'AirAsia', '2026-01-29 09:55:00'),
(11024, 'AK4876', 5, 2, '2026-01-29 13:55:00', '138.00', 'AirAsia', '2026-01-29 15:05:00'),
(11025, 'AK7573', 2, 5, '2026-01-29 10:00:00', '109.00', 'AirAsia', '2026-01-29 11:10:00'),
(11026, 'AK5032', 5, 2, '2026-01-29 14:10:00', '109.00', 'AirAsia', '2026-01-29 15:20:00'),
(11027, 'AK4446', 2, 5, '2026-01-29 11:00:00', '92.00', 'AirAsia', '2026-01-29 12:10:00'),
(11028, 'AK5277', 5, 2, '2026-01-29 14:10:00', '92.00', 'AirAsia', '2026-01-29 15:20:00'),
(11029, 'AK861', 2, 5, '2026-01-29 12:00:00', '105.00', 'AirAsia', '2026-01-29 13:10:00'),
(11030, 'AK5875', 5, 2, '2026-01-29 16:10:00', '105.00', 'AirAsia', '2026-01-29 17:20:00'),
(11031, 'AK2964', 2, 5, '2026-01-29 15:00:00', '100.00', 'AirAsia', '2026-01-29 16:10:00'),
(11032, 'AK1558', 5, 2, '2026-01-29 20:10:00', '100.00', 'AirAsia', '2026-01-29 21:20:00'),
(11033, 'AK7475', 2, 5, '2026-01-29 16:00:00', '105.00', 'AirAsia', '2026-01-29 17:10:00'),
(11034, 'AK1723', 5, 2, '2026-01-29 20:10:00', '105.00', 'AirAsia', '2026-01-29 21:20:00'),
(11035, 'AK7252', 2, 5, '2026-01-29 19:30:00', '119.00', 'AirAsia', '2026-01-29 20:40:00'),
(11036, 'AK3729', 5, 2, '2026-01-29 22:40:00', '119.00', 'AirAsia', '2026-01-29 23:50:00'),
(11037, 'AK1790', 2, 5, '2026-01-29 20:30:00', '117.00', 'AirAsia', '2026-01-29 21:40:00'),
(11038, 'AK3020', 5, 2, '2026-01-29 23:40:00', '117.00', 'AirAsia', '2026-01-30 00:50:00'),
(11039, 'AK9023', 2, 5, '2026-01-29 22:00:00', '97.00', 'AirAsia', '2026-01-29 23:10:00'),
(11040, 'AK3770', 5, 2, '2026-01-30 02:10:00', '97.00', 'AirAsia', '2026-01-30 03:20:00'),
(11041, 'AK1059', 4, 3, '2026-01-29 02:00:00', '139.00', 'AirAsia', '2026-01-29 03:30:00'),
(11042, 'AK3658', 3, 4, '2026-01-29 06:30:00', '139.00', 'AirAsia', '2026-01-29 08:00:00'),
(11043, 'MH4529', 4, 3, '2026-01-29 03:30:00', '182.00', 'Malaysia Airlines', '2026-01-29 05:00:00'),
(11044, 'MH7299', 3, 4, '2026-01-29 09:00:00', '182.00', 'Malaysia Airlines', '2026-01-29 10:30:00'),
(11045, 'AK5875', 4, 3, '2026-01-29 05:30:00', '126.00', 'AirAsia', '2026-01-29 07:00:00'),
(11046, 'AK7219', 3, 4, '2026-01-29 10:00:00', '126.00', 'AirAsia', '2026-01-29 11:30:00'),
(11047, 'AK2632', 4, 3, '2026-01-29 07:30:00', '158.00', 'AirAsia', '2026-01-29 09:00:00'),
(11048, 'AK1097', 3, 4, '2026-01-29 11:00:00', '158.00', 'AirAsia', '2026-01-29 12:30:00'),
(11049, 'MH2442', 4, 3, '2026-01-29 08:45:00', '260.00', 'Malaysia Airlines', '2026-01-29 10:15:00'),
(11050, 'MH1414', 3, 4, '2026-01-29 14:15:00', '260.00', 'Malaysia Airlines', '2026-01-29 15:45:00'),
(11051, 'AK7820', 4, 3, '2026-01-29 10:00:00', '124.00', 'AirAsia', '2026-01-29 11:30:00'),
(11052, 'AK918', 3, 4, '2026-01-29 15:30:00', '124.00', 'AirAsia', '2026-01-29 17:00:00'),
(11053, 'MH6493', 4, 3, '2026-01-29 11:30:00', '190.00', 'Malaysia Airlines', '2026-01-29 13:00:00'),
(11054, 'MH2696', 3, 4, '2026-01-29 17:00:00', '190.00', 'Malaysia Airlines', '2026-01-29 18:30:00'),
(11055, 'AK279', 4, 3, '2026-01-29 12:00:00', '119.00', 'AirAsia', '2026-01-29 13:30:00'),
(11056, 'AK8840', 3, 4, '2026-01-29 16:30:00', '119.00', 'AirAsia', '2026-01-29 18:00:00'),
(11057, 'MH1720', 4, 3, '2026-01-29 13:00:00', '210.00', 'Malaysia Airlines', '2026-01-29 14:30:00'),
(11058, 'MH722', 3, 4, '2026-01-29 18:30:00', '210.00', 'Malaysia Airlines', '2026-01-29 20:00:00'),
(11059, 'AK9944', 4, 3, '2026-01-29 16:00:00', '141.00', 'AirAsia', '2026-01-29 17:30:00'),
(11060, 'AK1082', 3, 4, '2026-01-29 21:30:00', '141.00', 'AirAsia', '2026-01-29 23:00:00'),
(11061, 'MH9993', 4, 3, '2026-01-29 17:30:00', '265.00', 'Malaysia Airlines', '2026-01-29 19:00:00'),
(11062, 'MH5947', 3, 4, '2026-01-29 22:00:00', '265.00', 'Malaysia Airlines', '2026-01-29 23:30:00'),
(11063, 'AK8010', 4, 3, '2026-01-29 19:00:00', '181.00', 'AirAsia', '2026-01-29 20:30:00'),
(11064, 'AK840', 3, 4, '2026-01-29 22:30:00', '181.00', 'AirAsia', '2026-01-30 00:00:00'),
(11065, 'MH8126', 4, 3, '2026-01-29 21:00:00', '210.00', 'Malaysia Airlines', '2026-01-29 22:30:00'),
(11066, 'MH1830', 3, 4, '2026-01-30 00:30:00', '210.00', 'Malaysia Airlines', '2026-01-30 02:00:00'),
(11067, 'AK706', 4, 3, '2026-01-29 22:00:00', '130.00', 'AirAsia', '2026-01-29 23:30:00'),
(11068, 'AK2147', 3, 4, '2026-01-30 01:30:00', '130.00', 'AirAsia', '2026-01-30 03:00:00'),
(11069, 'MH9379', 4, 3, '2026-01-29 23:00:00', '211.00', 'Malaysia Airlines', '2026-01-30 00:30:00'),
(11070, 'MH4554', 3, 4, '2026-01-30 04:30:00', '211.00', 'Malaysia Airlines', '2026-01-30 06:00:00'),
(11071, 'FY7621', 4, 5, '2026-01-29 00:30:00', '183.00', 'Firefly', '2026-01-29 01:42:00'),
(11072, 'FY4329', 5, 4, '2026-01-29 04:42:00', '183.00', 'Firefly', '2026-01-29 05:54:00'),
(11073, 'FY4963', 4, 5, '2026-01-29 03:30:00', '180.00', 'Firefly', '2026-01-29 04:42:00'),
(11074, 'FY936', 5, 4, '2026-01-29 06:42:00', '180.00', 'Firefly', '2026-01-29 07:54:00'),
(11075, 'FY2379', 4, 5, '2026-01-29 05:00:00', '196.00', 'Firefly', '2026-01-29 06:12:00'),
(11076, 'FY8035', 5, 4, '2026-01-29 09:12:00', '196.00', 'Firefly', '2026-01-29 10:24:00'),
(11077, 'FY5863', 4, 5, '2026-01-29 07:30:00', '260.00', 'Firefly', '2026-01-29 08:42:00'),
(11078, 'FY690', 5, 4, '2026-01-29 10:42:00', '260.00', 'Firefly', '2026-01-29 11:54:00'),
(11079, 'FY4729', 4, 5, '2026-01-29 09:30:00', '228.00', 'Firefly', '2026-01-29 10:42:00'),
(11080, 'FY8039', 5, 4, '2026-01-29 12:42:00', '228.00', 'Firefly', '2026-01-29 13:54:00'),
(11081, 'FY2282', 4, 5, '2026-01-29 10:00:00', '187.00', 'Firefly', '2026-01-29 11:12:00'),
(11082, 'FY9935', 5, 4, '2026-01-29 15:12:00', '187.00', 'Firefly', '2026-01-29 16:24:00'),
(11083, 'FY2918', 4, 5, '2026-01-29 11:30:00', '174.00', 'Firefly', '2026-01-29 12:42:00'),
(11084, 'FY1819', 5, 4, '2026-01-29 16:42:00', '174.00', 'Firefly', '2026-01-29 17:54:00'),
(11085, 'FY6209', 4, 5, '2026-01-29 12:00:00', '178.00', 'Firefly', '2026-01-29 13:12:00'),
(11086, 'FY2342', 5, 4, '2026-01-29 16:12:00', '178.00', 'Firefly', '2026-01-29 17:24:00'),
(11087, 'FY992', 4, 5, '2026-01-29 14:30:00', '180.00', 'Firefly', '2026-01-29 15:42:00'),
(11088, 'FY9996', 5, 4, '2026-01-29 18:42:00', '180.00', 'Firefly', '2026-01-29 19:54:00'),
(11089, 'FY6825', 4, 5, '2026-01-29 16:00:00', '183.00', 'Firefly', '2026-01-29 17:12:00'),
(11090, 'FY4730', 5, 4, '2026-01-29 21:12:00', '183.00', 'Firefly', '2026-01-29 22:24:00'),
(11091, 'FY6977', 4, 5, '2026-01-29 17:30:00', '258.00', 'Firefly', '2026-01-29 18:42:00'),
(11092, 'FY5147', 5, 4, '2026-01-29 20:42:00', '258.00', 'Firefly', '2026-01-29 21:54:00'),
(11093, 'FY9589', 4, 5, '2026-01-29 18:00:00', '221.00', 'Firefly', '2026-01-29 19:12:00'),
(11094, 'FY492', 5, 4, '2026-01-29 23:12:00', '221.00', 'Firefly', '2026-01-30 00:24:00'),
(11095, 'FY4057', 4, 5, '2026-01-29 20:30:00', '243.00', 'Firefly', '2026-01-29 21:42:00'),
(11096, 'FY1819', 5, 4, '2026-01-29 23:42:00', '243.00', 'Firefly', '2026-01-30 00:54:00'),
(11097, 'FY1277', 4, 5, '2026-01-29 21:00:00', '198.00', 'Firefly', '2026-01-29 22:12:00'),
(11098, 'FY2496', 5, 4, '2026-01-30 01:12:00', '198.00', 'Firefly', '2026-01-30 02:24:00'),
(11099, 'FY6750', 4, 5, '2026-01-29 23:00:00', '187.00', 'Firefly', '2026-01-30 00:12:00'),
(11100, 'FY7752', 5, 4, '2026-01-30 04:12:00', '187.00', 'Firefly', '2026-01-30 05:24:00'),
(11101, 'MH3305', 4, 2, '2026-01-29 00:30:00', '180.00', 'Malaysia Airlines', '2026-01-29 02:33:00'),
(11102, 'MH9579', 2, 4, '2026-01-29 05:33:00', '180.00', 'Malaysia Airlines', '2026-01-29 07:36:00'),
(11103, 'MH5387', 4, 2, '2026-01-29 02:00:00', '198.00', 'Malaysia Airlines', '2026-01-29 04:03:00'),
(11104, 'MH847', 2, 4, '2026-01-29 07:03:00', '198.00', 'Malaysia Airlines', '2026-01-29 09:06:00'),
(11105, 'MH6842', 4, 2, '2026-01-29 03:30:00', '174.00', 'Malaysia Airlines', '2026-01-29 05:33:00'),
(11106, 'MH1066', 2, 4, '2026-01-29 07:33:00', '174.00', 'Malaysia Airlines', '2026-01-29 09:36:00'),
(11107, 'MH921', 4, 2, '2026-01-29 05:30:00', '200.00', 'Malaysia Airlines', '2026-01-29 07:33:00'),
(11108, 'MH1574', 2, 4, '2026-01-29 09:33:00', '200.00', 'Malaysia Airlines', '2026-01-29 11:36:00'),
(11109, 'MH7329', 4, 2, '2026-01-29 06:00:00', '189.00', 'Malaysia Airlines', '2026-01-29 08:03:00'),
(11110, 'MH9882', 2, 4, '2026-01-29 11:03:00', '189.00', 'Malaysia Airlines', '2026-01-29 13:06:00'),
(11111, 'MH1340', 4, 2, '2026-01-29 08:45:00', '226.00', 'Malaysia Airlines', '2026-01-29 10:48:00'),
(11112, 'MH1562', 2, 4, '2026-01-29 12:48:00', '226.00', 'Malaysia Airlines', '2026-01-29 14:51:00'),
(11113, 'MH2360', 4, 2, '2026-01-29 10:00:00', '200.00', 'Malaysia Airlines', '2026-01-29 12:03:00'),
(11114, 'MH741', 2, 4, '2026-01-29 15:03:00', '200.00', 'Malaysia Airlines', '2026-01-29 17:06:00'),
(11115, 'MH7030', 4, 2, '2026-01-29 11:30:00', '191.00', 'Malaysia Airlines', '2026-01-29 13:33:00'),
(11116, 'MH9813', 2, 4, '2026-01-29 16:33:00', '191.00', 'Malaysia Airlines', '2026-01-29 18:36:00'),
(11117, 'MH912', 4, 2, '2026-01-29 13:00:00', '197.00', 'Malaysia Airlines', '2026-01-29 15:03:00'),
(11118, 'MH259', 2, 4, '2026-01-29 17:03:00', '197.00', 'Malaysia Airlines', '2026-01-29 19:06:00'),
(11119, 'MH6923', 4, 2, '2026-01-29 15:00:00', '198.00', 'Malaysia Airlines', '2026-01-29 17:03:00'),
(11120, 'MH5265', 2, 4, '2026-01-29 19:03:00', '198.00', 'Malaysia Airlines', '2026-01-29 21:06:00'),
(11121, 'MH5177', 4, 2, '2026-01-29 16:00:00', '191.00', 'Malaysia Airlines', '2026-01-29 18:03:00'),
(11122, 'MH8637', 2, 4, '2026-01-29 21:03:00', '191.00', 'Malaysia Airlines', '2026-01-29 23:06:00'),
(11123, 'MH5839', 4, 2, '2026-01-29 17:30:00', '241.00', 'Malaysia Airlines', '2026-01-29 19:33:00'),
(11124, 'MH4854', 2, 4, '2026-01-29 23:33:00', '241.00', 'Malaysia Airlines', '2026-01-30 01:36:00'),
(11125, 'MH8461', 4, 2, '2026-01-29 18:00:00', '268.00', 'Malaysia Airlines', '2026-01-29 20:03:00'),
(11126, 'MH5685', 2, 4, '2026-01-29 22:03:00', '268.00', 'Malaysia Airlines', '2026-01-30 00:06:00'),
(11127, 'MH8379', 4, 2, '2026-01-29 19:00:00', '253.00', 'Malaysia Airlines', '2026-01-29 21:03:00'),
(11128, 'MH3920', 2, 4, '2026-01-30 01:03:00', '253.00', 'Malaysia Airlines', '2026-01-30 03:06:00'),
(11129, 'MH5314', 4, 2, '2026-01-29 20:30:00', '251.00', 'Malaysia Airlines', '2026-01-29 22:33:00'),
(11130, 'MH5008', 2, 4, '2026-01-30 02:33:00', '251.00', 'Malaysia Airlines', '2026-01-30 04:36:00'),
(11131, 'OD3261', 5, 3, '2026-01-29 00:30:00', '181.00', 'Batik Air Malaysia', '2026-01-29 02:23:00'),
(11132, 'OD6508', 3, 5, '2026-01-29 04:23:00', '181.00', 'Batik Air Malaysia', '2026-01-29 06:16:00'),
(11133, 'OD5176', 5, 3, '2026-01-29 02:00:00', '185.00', 'Batik Air Malaysia', '2026-01-29 03:53:00'),
(11134, 'OD3252', 3, 5, '2026-01-29 06:53:00', '185.00', 'Batik Air Malaysia', '2026-01-29 08:46:00'),
(11135, 'OD5352', 5, 3, '2026-01-29 03:30:00', '160.00', 'Batik Air Malaysia', '2026-01-29 05:23:00'),
(11136, 'OD6830', 3, 5, '2026-01-29 08:23:00', '160.00', 'Batik Air Malaysia', '2026-01-29 10:16:00'),
(11137, 'OD6067', 5, 3, '2026-01-29 05:30:00', '156.00', 'Batik Air Malaysia', '2026-01-29 07:23:00'),
(11138, 'OD1079', 3, 5, '2026-01-29 10:23:00', '156.00', 'Batik Air Malaysia', '2026-01-29 12:16:00'),
(11139, 'OD9639', 5, 3, '2026-01-29 07:30:00', '216.00', 'Batik Air Malaysia', '2026-01-29 09:23:00'),
(11140, 'OD5473', 3, 5, '2026-01-29 11:23:00', '216.00', 'Batik Air Malaysia', '2026-01-29 13:16:00'),
(11141, 'OD5069', 5, 3, '2026-01-29 08:45:00', '225.00', 'Batik Air Malaysia', '2026-01-29 10:38:00'),
(11142, 'OD8355', 3, 5, '2026-01-29 12:38:00', '225.00', 'Batik Air Malaysia', '2026-01-29 14:31:00'),
(11143, 'OD2795', 5, 3, '2026-01-29 11:30:00', '175.00', 'Batik Air Malaysia', '2026-01-29 13:23:00'),
(11144, 'OD5402', 3, 5, '2026-01-29 16:23:00', '175.00', 'Batik Air Malaysia', '2026-01-29 18:16:00'),
(11145, 'OD881', 5, 3, '2026-01-29 12:00:00', '173.00', 'Batik Air Malaysia', '2026-01-29 13:53:00'),
(11146, 'OD4677', 3, 5, '2026-01-29 17:53:00', '173.00', 'Batik Air Malaysia', '2026-01-29 19:46:00'),
(11147, 'OD3721', 5, 3, '2026-01-29 14:30:00', '160.00', 'Batik Air Malaysia', '2026-01-29 16:23:00'),
(11148, 'OD5809', 3, 5, '2026-01-29 20:23:00', '160.00', 'Batik Air Malaysia', '2026-01-29 22:16:00');
INSERT INTO `flights` (`id`, `flight_number`, `origin_airport_id`, `dest_airport_id`, `departure_time`, `base_price`, `airline_name`, `arrival_time`) VALUES
(11149, 'OD8947', 5, 3, '2026-01-29 16:00:00', '181.00', 'Batik Air Malaysia', '2026-01-29 17:53:00'),
(11150, 'OD7821', 3, 5, '2026-01-29 20:53:00', '181.00', 'Batik Air Malaysia', '2026-01-29 22:46:00'),
(11151, 'OD4840', 5, 3, '2026-01-29 18:00:00', '196.00', 'Batik Air Malaysia', '2026-01-29 19:53:00'),
(11152, 'OD9239', 3, 5, '2026-01-29 23:53:00', '196.00', 'Batik Air Malaysia', '2026-01-30 01:46:00'),
(11153, 'OD1727', 5, 3, '2026-01-29 20:30:00', '196.00', 'Batik Air Malaysia', '2026-01-29 22:23:00'),
(11154, 'OD3635', 3, 5, '2026-01-30 01:23:00', '196.00', 'Batik Air Malaysia', '2026-01-30 03:16:00'),
(11155, 'OD3362', 5, 3, '2026-01-29 21:00:00', '153.00', 'Batik Air Malaysia', '2026-01-29 22:53:00'),
(11156, 'OD2965', 3, 5, '2026-01-30 00:53:00', '153.00', 'Batik Air Malaysia', '2026-01-30 02:46:00'),
(11157, 'OD6931', 5, 3, '2026-01-29 23:00:00', '171.00', 'Batik Air Malaysia', '2026-01-30 00:53:00'),
(11158, 'OD2427', 3, 5, '2026-01-30 03:53:00', '171.00', 'Batik Air Malaysia', '2026-01-30 05:46:00'),
(11159, 'AK3487', 3, 2, '2026-01-29 00:30:00', '128.00', 'AirAsia', '2026-01-29 02:13:00'),
(11160, 'AK8296', 2, 3, '2026-01-29 06:13:00', '128.00', 'AirAsia', '2026-01-29 07:56:00'),
(11161, 'AK4984', 3, 2, '2026-01-29 03:30:00', '133.00', 'AirAsia', '2026-01-29 05:13:00'),
(11162, 'AK4974', 2, 3, '2026-01-29 09:13:00', '133.00', 'AirAsia', '2026-01-29 10:56:00'),
(11163, 'AK1515', 3, 2, '2026-01-29 05:00:00', '145.00', 'AirAsia', '2026-01-29 06:43:00'),
(11164, 'AK4762', 2, 3, '2026-01-29 08:43:00', '145.00', 'AirAsia', '2026-01-29 10:26:00'),
(11165, 'AK4259', 3, 2, '2026-01-29 05:30:00', '153.00', 'AirAsia', '2026-01-29 07:13:00'),
(11166, 'AK8519', 2, 3, '2026-01-29 11:13:00', '153.00', 'AirAsia', '2026-01-29 12:56:00'),
(11167, 'AK2830', 3, 2, '2026-01-29 07:30:00', '191.00', 'AirAsia', '2026-01-29 09:13:00'),
(11168, 'AK5925', 2, 3, '2026-01-29 11:13:00', '191.00', 'AirAsia', '2026-01-29 12:56:00'),
(11169, 'AK4121', 3, 2, '2026-01-29 09:30:00', '187.00', 'AirAsia', '2026-01-29 11:13:00'),
(11170, 'AK2039', 2, 3, '2026-01-29 14:13:00', '187.00', 'AirAsia', '2026-01-29 15:56:00'),
(11171, 'AK5797', 3, 2, '2026-01-29 10:00:00', '153.00', 'AirAsia', '2026-01-29 11:43:00'),
(11172, 'AK6643', 2, 3, '2026-01-29 15:43:00', '153.00', 'AirAsia', '2026-01-29 17:26:00'),
(11173, 'AK4930', 3, 2, '2026-01-29 11:30:00', '131.00', 'AirAsia', '2026-01-29 13:13:00'),
(11174, 'AK488', 2, 3, '2026-01-29 17:13:00', '131.00', 'AirAsia', '2026-01-29 18:56:00'),
(11175, 'AK589', 3, 2, '2026-01-29 13:00:00', '135.00', 'AirAsia', '2026-01-29 14:43:00'),
(11176, 'AK8503', 2, 3, '2026-01-29 16:43:00', '135.00', 'AirAsia', '2026-01-29 18:26:00'),
(11177, 'AK4493', 3, 2, '2026-01-29 14:30:00', '146.00', 'AirAsia', '2026-01-29 16:13:00'),
(11178, 'AK2986', 2, 3, '2026-01-29 20:13:00', '146.00', 'AirAsia', '2026-01-29 21:56:00'),
(11179, 'AK9571', 3, 2, '2026-01-29 17:00:00', '187.00', 'AirAsia', '2026-01-29 18:43:00'),
(11180, 'AK6761', 2, 3, '2026-01-29 22:43:00', '187.00', 'AirAsia', '2026-01-30 00:26:00'),
(11181, 'AK4817', 3, 2, '2026-01-29 17:30:00', '189.00', 'AirAsia', '2026-01-29 19:13:00'),
(11182, 'AK5241', 2, 3, '2026-01-29 22:13:00', '189.00', 'AirAsia', '2026-01-29 23:56:00'),
(11183, 'AK3078', 3, 2, '2026-01-29 19:00:00', '187.00', 'AirAsia', '2026-01-29 20:43:00'),
(11184, 'AK5024', 2, 3, '2026-01-29 22:43:00', '187.00', 'AirAsia', '2026-01-30 00:26:00'),
(11185, 'AK9075', 3, 2, '2026-01-29 19:30:00', '189.00', 'AirAsia', '2026-01-29 21:13:00'),
(11186, 'AK5180', 2, 3, '2026-01-30 01:13:00', '189.00', 'AirAsia', '2026-01-30 02:56:00'),
(11187, 'AK5437', 3, 2, '2026-01-29 21:00:00', '156.00', 'AirAsia', '2026-01-29 22:43:00'),
(11188, 'AK9082', 2, 3, '2026-01-30 00:43:00', '156.00', 'AirAsia', '2026-01-30 02:26:00'),
(11189, 'AK5154', 3, 2, '2026-01-29 22:00:00', '146.00', 'AirAsia', '2026-01-29 23:43:00'),
(11190, 'AK6810', 2, 3, '2026-01-30 01:43:00', '146.00', 'AirAsia', '2026-01-30 03:26:00'),
(11191, 'AK4768', 1, 2, '2026-01-30 00:30:00', '110.00', 'AirAsia', '2026-01-30 01:30:00'),
(11192, 'AK6399', 2, 1, '2026-01-30 03:30:00', '110.00', 'AirAsia', '2026-01-30 04:30:00'),
(11193, 'MH1824', 1, 2, '2026-01-30 03:30:00', '148.00', 'Malaysia Airlines', '2026-01-30 04:30:00'),
(11194, 'MH7596', 2, 1, '2026-01-30 06:30:00', '148.00', 'Malaysia Airlines', '2026-01-30 07:30:00'),
(11195, 'FY8077', 1, 2, '2026-01-30 05:30:00', '121.00', 'Firefly', '2026-01-30 06:30:00'),
(11196, 'FY9810', 2, 1, '2026-01-30 09:30:00', '121.00', 'Firefly', '2026-01-30 10:30:00'),
(11197, 'AK6278', 1, 2, '2026-01-30 09:30:00', '140.00', 'AirAsia', '2026-01-30 10:30:00'),
(11198, 'AK1387', 2, 1, '2026-01-30 13:30:00', '140.00', 'AirAsia', '2026-01-30 14:30:00'),
(11199, 'MH2554', 1, 2, '2026-01-30 10:00:00', '159.00', 'Malaysia Airlines', '2026-01-30 11:00:00'),
(11200, 'MH9485', 2, 1, '2026-01-30 13:00:00', '159.00', 'Malaysia Airlines', '2026-01-30 14:00:00'),
(11201, 'FY2262', 1, 2, '2026-01-30 11:00:00', '104.00', 'Firefly', '2026-01-30 12:00:00'),
(11202, 'FY4159', 2, 1, '2026-01-30 16:00:00', '104.00', 'Firefly', '2026-01-30 17:00:00'),
(11203, 'AK5447', 1, 2, '2026-01-30 11:30:00', '95.00', 'AirAsia', '2026-01-30 12:30:00'),
(11204, 'AK7604', 2, 1, '2026-01-30 15:30:00', '95.00', 'AirAsia', '2026-01-30 16:30:00'),
(11205, 'AK2701', 1, 2, '2026-01-30 14:30:00', '95.00', 'AirAsia', '2026-01-30 15:30:00'),
(11206, 'AK5616', 2, 1, '2026-01-30 18:30:00', '95.00', 'AirAsia', '2026-01-30 19:30:00'),
(11207, 'MH779', 1, 2, '2026-01-30 16:00:00', '166.00', 'Malaysia Airlines', '2026-01-30 17:00:00'),
(11208, 'MH7586', 2, 1, '2026-01-30 21:00:00', '166.00', 'Malaysia Airlines', '2026-01-30 22:00:00'),
(11209, 'FY8770', 1, 2, '2026-01-30 17:00:00', '153.00', 'Firefly', '2026-01-30 18:00:00'),
(11210, 'FY2912', 2, 1, '2026-01-30 22:00:00', '153.00', 'Firefly', '2026-01-30 23:00:00'),
(11211, 'AK7766', 1, 2, '2026-01-30 17:30:00', '141.00', 'AirAsia', '2026-01-30 18:30:00'),
(11212, 'AK356', 2, 1, '2026-01-30 20:30:00', '141.00', 'AirAsia', '2026-01-30 21:30:00'),
(11213, 'AK1410', 1, 2, '2026-01-30 18:00:00', '130.00', 'AirAsia', '2026-01-30 19:00:00'),
(11214, 'AK1041', 2, 1, '2026-01-30 22:00:00', '130.00', 'AirAsia', '2026-01-30 23:00:00'),
(11215, 'MH8503', 1, 2, '2026-01-30 19:30:00', '212.00', 'Malaysia Airlines', '2026-01-30 20:30:00'),
(11216, 'MH6135', 2, 1, '2026-01-30 22:30:00', '212.00', 'Malaysia Airlines', '2026-01-30 23:30:00'),
(11217, 'FY9769', 1, 2, '2026-01-30 20:30:00', '155.00', 'Firefly', '2026-01-30 21:30:00'),
(11218, 'FY9573', 2, 1, '2026-01-30 23:30:00', '155.00', 'Firefly', '2026-01-31 00:30:00'),
(11219, 'AK801', 1, 5, '2026-01-30 02:00:00', '74.00', 'AirAsia', '2026-01-30 02:50:00'),
(11220, 'AK4299', 5, 1, '2026-01-30 04:50:00', '74.00', 'AirAsia', '2026-01-30 05:40:00'),
(11221, 'FY319', 1, 5, '2026-01-30 03:30:00', '96.00', 'Firefly', '2026-01-30 04:20:00'),
(11222, 'FY2283', 5, 1, '2026-01-30 06:20:00', '96.00', 'Firefly', '2026-01-30 07:10:00'),
(11223, 'AK4176', 1, 5, '2026-01-30 05:00:00', '76.00', 'AirAsia', '2026-01-30 05:50:00'),
(11224, 'AK3593', 5, 1, '2026-01-30 09:50:00', '76.00', 'AirAsia', '2026-01-30 10:40:00'),
(11225, 'AK684', 1, 5, '2026-01-30 06:00:00', '72.00', 'AirAsia', '2026-01-30 06:50:00'),
(11226, 'AK2765', 5, 1, '2026-01-30 09:50:00', '72.00', 'AirAsia', '2026-01-30 10:40:00'),
(11227, 'FY479', 1, 5, '2026-01-30 08:45:00', '113.00', 'Firefly', '2026-01-30 09:35:00'),
(11228, 'FY3539', 5, 1, '2026-01-30 12:35:00', '113.00', 'Firefly', '2026-01-30 13:25:00'),
(11229, 'AK1344', 1, 5, '2026-01-30 09:30:00', '100.00', 'AirAsia', '2026-01-30 10:20:00'),
(11230, 'AK4155', 5, 1, '2026-01-30 12:20:00', '100.00', 'AirAsia', '2026-01-30 13:10:00'),
(11231, 'FY9792', 1, 5, '2026-01-30 11:30:00', '80.00', 'Firefly', '2026-01-30 12:20:00'),
(11232, 'FY6945', 5, 1, '2026-01-30 14:20:00', '80.00', 'Firefly', '2026-01-30 15:10:00'),
(11233, 'AK2527', 1, 5, '2026-01-30 13:00:00', '83.00', 'AirAsia', '2026-01-30 13:50:00'),
(11234, 'AK1070', 5, 1, '2026-01-30 15:50:00', '83.00', 'AirAsia', '2026-01-30 16:40:00'),
(11235, 'FY6843', 1, 5, '2026-01-30 14:30:00', '79.00', 'Firefly', '2026-01-30 15:20:00'),
(11236, 'FY6779', 5, 1, '2026-01-30 17:20:00', '79.00', 'Firefly', '2026-01-30 18:10:00'),
(11237, 'AK1741', 1, 5, '2026-01-30 15:00:00', '87.00', 'AirAsia', '2026-01-30 15:50:00'),
(11238, 'AK3861', 5, 1, '2026-01-30 18:50:00', '87.00', 'AirAsia', '2026-01-30 19:40:00'),
(11239, 'AK8614', 1, 5, '2026-01-30 18:00:00', '110.00', 'AirAsia', '2026-01-30 18:50:00'),
(11240, 'AK9858', 5, 1, '2026-01-30 22:50:00', '110.00', 'AirAsia', '2026-01-30 23:40:00'),
(11241, 'FY311', 1, 5, '2026-01-30 19:00:00', '103.00', 'Firefly', '2026-01-30 19:50:00'),
(11242, 'FY9579', 5, 1, '2026-01-30 23:50:00', '103.00', 'Firefly', '2026-01-31 00:40:00'),
(11243, 'AK9443', 1, 5, '2026-01-30 23:00:00', '75.00', 'AirAsia', '2026-01-30 23:50:00'),
(11244, 'AK6163', 5, 1, '2026-01-31 03:50:00', '75.00', 'AirAsia', '2026-01-31 04:40:00'),
(11245, 'AK3310', 1, 4, '2026-01-30 00:30:00', '210.00', 'AirAsia', '2026-01-30 03:00:00'),
(11246, 'AK203', 4, 1, '2026-01-30 06:00:00', '210.00', 'AirAsia', '2026-01-30 08:30:00'),
(11247, 'MH6881', 1, 4, '2026-01-30 02:00:00', '310.00', 'Malaysia Airlines', '2026-01-30 04:30:00'),
(11248, 'MH9688', 4, 1, '2026-01-30 08:30:00', '310.00', 'Malaysia Airlines', '2026-01-30 11:00:00'),
(11249, 'OD9510', 1, 4, '2026-01-30 03:30:00', '287.00', 'Batik Air Malaysia', '2026-01-30 06:00:00'),
(11250, 'OD886', 4, 1, '2026-01-30 08:00:00', '287.00', 'Batik Air Malaysia', '2026-01-30 10:30:00'),
(11251, 'AK4191', 1, 4, '2026-01-30 05:00:00', '215.00', 'AirAsia', '2026-01-30 07:30:00'),
(11252, 'AK5100', 4, 1, '2026-01-30 11:30:00', '215.00', 'AirAsia', '2026-01-30 14:00:00'),
(11253, 'AK6822', 1, 4, '2026-01-30 06:00:00', '221.00', 'AirAsia', '2026-01-30 08:30:00'),
(11254, 'AK6871', 4, 1, '2026-01-30 10:30:00', '221.00', 'AirAsia', '2026-01-30 13:00:00'),
(11255, 'MH6264', 1, 4, '2026-01-30 10:00:00', '313.00', 'Malaysia Airlines', '2026-01-30 12:30:00'),
(11256, 'MH8620', 4, 1, '2026-01-30 14:30:00', '313.00', 'Malaysia Airlines', '2026-01-30 17:00:00'),
(11257, 'OD7117', 1, 4, '2026-01-30 11:00:00', '238.00', 'Batik Air Malaysia', '2026-01-30 13:30:00'),
(11258, 'OD1028', 4, 1, '2026-01-30 17:30:00', '238.00', 'Batik Air Malaysia', '2026-01-30 20:00:00'),
(11259, 'AK1316', 1, 4, '2026-01-30 11:30:00', '234.00', 'AirAsia', '2026-01-30 14:00:00'),
(11260, 'AK2636', 4, 1, '2026-01-30 18:00:00', '234.00', 'AirAsia', '2026-01-30 20:30:00'),
(11261, 'AK7187', 1, 4, '2026-01-30 13:00:00', '217.00', 'AirAsia', '2026-01-30 15:30:00'),
(11262, 'AK5638', 4, 1, '2026-01-30 19:30:00', '217.00', 'AirAsia', '2026-01-30 22:00:00'),
(11263, 'MH4541', 1, 4, '2026-01-30 15:00:00', '306.00', 'Malaysia Airlines', '2026-01-30 17:30:00'),
(11264, 'MH5312', 4, 1, '2026-01-30 19:30:00', '306.00', 'Malaysia Airlines', '2026-01-30 22:00:00'),
(11265, 'OD986', 1, 4, '2026-01-30 16:00:00', '287.00', 'Batik Air Malaysia', '2026-01-30 18:30:00'),
(11266, 'OD4253', 4, 1, '2026-01-30 20:30:00', '287.00', 'Batik Air Malaysia', '2026-01-30 23:00:00'),
(11267, 'AK8313', 1, 4, '2026-01-30 17:00:00', '258.00', 'AirAsia', '2026-01-30 19:30:00'),
(11268, 'AK2465', 4, 1, '2026-01-30 23:30:00', '258.00', 'AirAsia', '2026-01-31 02:00:00'),
(11269, 'AK6867', 1, 4, '2026-01-30 18:00:00', '260.00', 'AirAsia', '2026-01-30 20:30:00'),
(11270, 'AK4513', 4, 1, '2026-01-30 22:30:00', '260.00', 'AirAsia', '2026-01-31 01:00:00'),
(11271, 'MH119', 1, 4, '2026-01-30 19:00:00', '394.00', 'Malaysia Airlines', '2026-01-30 21:30:00'),
(11272, 'MH3344', 4, 1, '2026-01-30 23:30:00', '394.00', 'Malaysia Airlines', '2026-01-31 02:00:00'),
(11273, 'OD3493', 1, 4, '2026-01-30 19:30:00', '312.00', 'Batik Air Malaysia', '2026-01-30 22:00:00'),
(11274, 'OD5389', 4, 1, '2026-01-31 02:00:00', '312.00', 'Batik Air Malaysia', '2026-01-31 04:30:00'),
(11275, 'AK5349', 1, 4, '2026-01-30 22:00:00', '221.00', 'AirAsia', '2026-01-31 00:30:00'),
(11276, 'AK2888', 4, 1, '2026-01-31 02:30:00', '221.00', 'AirAsia', '2026-01-31 05:00:00'),
(11277, 'AK6007', 1, 3, '2026-01-30 00:30:00', '159.00', 'AirAsia', '2026-01-30 02:15:00'),
(11278, 'AK1513', 3, 1, '2026-01-30 05:15:00', '159.00', 'AirAsia', '2026-01-30 07:00:00'),
(11279, 'MH4154', 1, 3, '2026-01-30 03:30:00', '280.00', 'Malaysia Airlines', '2026-01-30 05:15:00'),
(11280, 'MH4481', 3, 1, '2026-01-30 09:15:00', '280.00', 'Malaysia Airlines', '2026-01-30 11:00:00'),
(11281, 'OD1660', 1, 3, '2026-01-30 05:00:00', '206.00', 'Batik Air Malaysia', '2026-01-30 06:45:00'),
(11282, 'OD1980', 3, 1, '2026-01-30 09:45:00', '206.00', 'Batik Air Malaysia', '2026-01-30 11:30:00'),
(11283, 'AK6198', 1, 3, '2026-01-30 09:30:00', '210.00', 'AirAsia', '2026-01-30 11:15:00'),
(11284, 'AK5817', 3, 1, '2026-01-30 15:15:00', '210.00', 'AirAsia', '2026-01-30 17:00:00'),
(11285, 'MH3929', 1, 3, '2026-01-30 11:00:00', '254.00', 'Malaysia Airlines', '2026-01-30 12:45:00'),
(11286, 'MH6700', 3, 1, '2026-01-30 15:45:00', '254.00', 'Malaysia Airlines', '2026-01-30 17:30:00'),
(11287, 'OD6215', 1, 3, '2026-01-30 11:30:00', '194.00', 'Batik Air Malaysia', '2026-01-30 13:15:00'),
(11288, 'OD7315', 3, 1, '2026-01-30 16:15:00', '194.00', 'Batik Air Malaysia', '2026-01-30 18:00:00'),
(11289, 'AK302', 1, 3, '2026-01-30 12:00:00', '181.00', 'AirAsia', '2026-01-30 13:45:00'),
(11290, 'AK6760', 3, 1, '2026-01-30 17:45:00', '181.00', 'AirAsia', '2026-01-30 19:30:00'),
(11291, 'MH4680', 1, 3, '2026-01-30 13:00:00', '272.00', 'Malaysia Airlines', '2026-01-30 14:45:00'),
(11292, 'MH9609', 3, 1, '2026-01-30 18:45:00', '272.00', 'Malaysia Airlines', '2026-01-30 20:30:00'),
(11293, 'OD5149', 1, 3, '2026-01-30 14:30:00', '222.00', 'Batik Air Malaysia', '2026-01-30 16:15:00'),
(11294, 'OD4371', 3, 1, '2026-01-30 20:15:00', '222.00', 'Batik Air Malaysia', '2026-01-30 22:00:00'),
(11295, 'AK7199', 1, 3, '2026-01-30 15:00:00', '178.00', 'AirAsia', '2026-01-30 16:45:00'),
(11296, 'AK3030', 3, 1, '2026-01-30 18:45:00', '178.00', 'AirAsia', '2026-01-30 20:30:00'),
(11297, 'AK7724', 1, 3, '2026-01-30 18:00:00', '241.00', 'AirAsia', '2026-01-30 19:45:00'),
(11298, 'AK6819', 3, 1, '2026-01-30 21:45:00', '241.00', 'AirAsia', '2026-01-30 23:30:00'),
(11299, 'MH2466', 1, 3, '2026-01-30 19:30:00', '301.00', 'Malaysia Airlines', '2026-01-30 21:15:00'),
(11300, 'MH6626', 3, 1, '2026-01-31 01:15:00', '301.00', 'Malaysia Airlines', '2026-01-31 03:00:00'),
(11301, 'OD1480', 1, 3, '2026-01-30 20:30:00', '248.00', 'Batik Air Malaysia', '2026-01-30 22:15:00'),
(11302, 'OD5230', 3, 1, '2026-01-31 01:15:00', '248.00', 'Batik Air Malaysia', '2026-01-31 03:00:00'),
(11303, 'AK2606', 1, 3, '2026-01-30 23:00:00', '180.00', 'AirAsia', '2026-01-31 00:45:00'),
(11304, 'AK9236', 3, 1, '2026-01-31 03:45:00', '180.00', 'AirAsia', '2026-01-31 05:30:00'),
(11305, 'AK9913', 2, 5, '2026-01-30 00:30:00', '117.00', 'AirAsia', '2026-01-30 01:40:00'),
(11306, 'AK5078', 5, 2, '2026-01-30 03:40:00', '117.00', 'AirAsia', '2026-01-30 04:50:00'),
(11307, 'AK1973', 2, 5, '2026-01-30 02:00:00', '120.00', 'AirAsia', '2026-01-30 03:10:00'),
(11308, 'AK3731', 5, 2, '2026-01-30 05:10:00', '120.00', 'AirAsia', '2026-01-30 06:20:00'),
(11309, 'AK2243', 2, 5, '2026-01-30 05:30:00', '109.00', 'AirAsia', '2026-01-30 06:40:00'),
(11310, 'AK6408', 5, 2, '2026-01-30 08:40:00', '109.00', 'AirAsia', '2026-01-30 09:50:00'),
(11311, 'AK8017', 2, 5, '2026-01-30 07:30:00', '141.00', 'AirAsia', '2026-01-30 08:40:00'),
(11312, 'AK466', 5, 2, '2026-01-30 11:40:00', '141.00', 'AirAsia', '2026-01-30 12:50:00'),
(11313, 'AK9694', 2, 5, '2026-01-30 08:45:00', '157.00', 'AirAsia', '2026-01-30 09:55:00'),
(11314, 'AK2231', 5, 2, '2026-01-30 13:55:00', '157.00', 'AirAsia', '2026-01-30 15:05:00'),
(11315, 'AK7989', 2, 5, '2026-01-30 11:00:00', '114.00', 'AirAsia', '2026-01-30 12:10:00'),
(11316, 'AK3320', 5, 2, '2026-01-30 16:10:00', '114.00', 'AirAsia', '2026-01-30 17:20:00'),
(11317, 'AK5390', 2, 5, '2026-01-30 14:30:00', '112.00', 'AirAsia', '2026-01-30 15:40:00'),
(11318, 'AK951', 5, 2, '2026-01-30 18:40:00', '112.00', 'AirAsia', '2026-01-30 19:50:00'),
(11319, 'AK4556', 2, 5, '2026-01-30 17:00:00', '152.00', 'AirAsia', '2026-01-30 18:10:00'),
(11320, 'AK3482', 5, 2, '2026-01-30 22:10:00', '152.00', 'AirAsia', '2026-01-30 23:20:00'),
(11321, 'AK194', 2, 5, '2026-01-30 17:30:00', '144.00', 'AirAsia', '2026-01-30 18:40:00'),
(11322, 'AK3044', 5, 2, '2026-01-30 20:40:00', '144.00', 'AirAsia', '2026-01-30 21:50:00'),
(11323, 'AK3774', 2, 5, '2026-01-30 18:00:00', '158.00', 'AirAsia', '2026-01-30 19:10:00'),
(11324, 'AK1855', 5, 2, '2026-01-30 21:10:00', '158.00', 'AirAsia', '2026-01-30 22:20:00'),
(11325, 'AK8866', 2, 5, '2026-01-30 19:00:00', '149.00', 'AirAsia', '2026-01-30 20:10:00'),
(11326, 'AK9439', 5, 2, '2026-01-31 00:10:00', '149.00', 'AirAsia', '2026-01-31 01:20:00'),
(11327, 'AK3613', 2, 5, '2026-01-30 21:00:00', '108.00', 'AirAsia', '2026-01-30 22:10:00'),
(11328, 'AK8940', 5, 2, '2026-01-31 02:10:00', '108.00', 'AirAsia', '2026-01-31 03:20:00'),
(11329, 'AK897', 2, 5, '2026-01-30 23:00:00', '122.00', 'AirAsia', '2026-01-31 00:10:00'),
(11330, 'AK5930', 5, 2, '2026-01-31 03:10:00', '122.00', 'AirAsia', '2026-01-31 04:20:00'),
(11331, 'AK8491', 4, 3, '2026-01-30 00:30:00', '160.00', 'AirAsia', '2026-01-30 02:00:00'),
(11332, 'AK3007', 3, 4, '2026-01-30 04:00:00', '160.00', 'AirAsia', '2026-01-30 05:30:00'),
(11333, 'MH1502', 4, 3, '2026-01-30 02:00:00', '203.00', 'Malaysia Airlines', '2026-01-30 03:30:00'),
(11334, 'MH341', 3, 4, '2026-01-30 06:30:00', '203.00', 'Malaysia Airlines', '2026-01-30 08:00:00'),
(11335, 'AK8122', 4, 3, '2026-01-30 03:30:00', '160.00', 'AirAsia', '2026-01-30 05:00:00'),
(11336, 'AK9210', 3, 4, '2026-01-30 07:00:00', '160.00', 'AirAsia', '2026-01-30 08:30:00'),
(11337, 'MH2615', 4, 3, '2026-01-30 05:30:00', '201.00', 'Malaysia Airlines', '2026-01-30 07:00:00'),
(11338, 'MH5522', 3, 4, '2026-01-30 09:00:00', '201.00', 'Malaysia Airlines', '2026-01-30 10:30:00'),
(11339, 'AK1514', 4, 3, '2026-01-30 07:30:00', '191.00', 'AirAsia', '2026-01-30 09:00:00'),
(11340, 'AK7673', 3, 4, '2026-01-30 12:00:00', '191.00', 'AirAsia', '2026-01-30 13:30:00'),
(11341, 'MH6658', 4, 3, '2026-01-30 11:00:00', '201.00', 'Malaysia Airlines', '2026-01-30 12:30:00'),
(11342, 'MH8490', 3, 4, '2026-01-30 16:30:00', '201.00', 'Malaysia Airlines', '2026-01-30 18:00:00'),
(11343, 'AK5057', 4, 3, '2026-01-30 11:30:00', '138.00', 'AirAsia', '2026-01-30 13:00:00'),
(11344, 'AK1862', 3, 4, '2026-01-30 16:00:00', '138.00', 'AirAsia', '2026-01-30 17:30:00'),
(11345, 'AK4975', 4, 3, '2026-01-30 13:00:00', '147.00', 'AirAsia', '2026-01-30 14:30:00'),
(11346, 'AK3734', 3, 4, '2026-01-30 17:30:00', '147.00', 'AirAsia', '2026-01-30 19:00:00'),
(11347, 'MH7538', 4, 3, '2026-01-30 14:30:00', '201.00', 'Malaysia Airlines', '2026-01-30 16:00:00'),
(11348, 'MH3944', 3, 4, '2026-01-30 20:00:00', '201.00', 'Malaysia Airlines', '2026-01-30 21:30:00'),
(11349, 'AK8060', 4, 3, '2026-01-30 16:00:00', '144.00', 'AirAsia', '2026-01-30 17:30:00'),
(11350, 'AK4450', 3, 4, '2026-01-30 21:30:00', '144.00', 'AirAsia', '2026-01-30 23:00:00'),
(11351, 'MH3972', 4, 3, '2026-01-30 17:30:00', '277.00', 'Malaysia Airlines', '2026-01-30 19:00:00'),
(11352, 'MH5890', 3, 4, '2026-01-30 21:00:00', '277.00', 'Malaysia Airlines', '2026-01-30 22:30:00'),
(11353, 'AK8798', 4, 3, '2026-01-30 19:00:00', '203.00', 'AirAsia', '2026-01-30 20:30:00'),
(11354, 'AK6366', 3, 4, '2026-01-31 00:30:00', '203.00', 'AirAsia', '2026-01-31 02:00:00'),
(11355, 'MH3128', 4, 3, '2026-01-30 20:30:00', '306.00', 'Malaysia Airlines', '2026-01-30 22:00:00'),
(11356, 'MH7541', 3, 4, '2026-01-31 01:00:00', '306.00', 'Malaysia Airlines', '2026-01-31 02:30:00'),
(11357, 'AK1260', 4, 3, '2026-01-30 22:00:00', '139.00', 'AirAsia', '2026-01-30 23:30:00'),
(11358, 'AK9718', 3, 4, '2026-01-31 03:30:00', '139.00', 'AirAsia', '2026-01-31 05:00:00'),
(11359, 'MH2493', 4, 3, '2026-01-30 23:00:00', '241.00', 'Malaysia Airlines', '2026-01-31 00:30:00'),
(11360, 'MH5514', 3, 4, '2026-01-31 04:30:00', '241.00', 'Malaysia Airlines', '2026-01-31 06:00:00'),
(11361, 'FY7155', 4, 5, '2026-01-30 00:30:00', '228.00', 'Firefly', '2026-01-30 01:42:00'),
(11362, 'FY4821', 5, 4, '2026-01-30 03:42:00', '228.00', 'Firefly', '2026-01-30 04:54:00'),
(11363, 'FY7404', 4, 5, '2026-01-30 03:30:00', '226.00', 'Firefly', '2026-01-30 04:42:00'),
(11364, 'FY4201', 5, 4, '2026-01-30 06:42:00', '226.00', 'Firefly', '2026-01-30 07:54:00'),
(11365, 'FY2666', 4, 5, '2026-01-30 05:00:00', '204.00', 'Firefly', '2026-01-30 06:12:00'),
(11366, 'FY8123', 5, 4, '2026-01-30 08:12:00', '204.00', 'Firefly', '2026-01-30 09:24:00'),
(11367, 'FY4070', 4, 5, '2026-01-30 05:30:00', '230.00', 'Firefly', '2026-01-30 06:42:00'),
(11368, 'FY6172', 5, 4, '2026-01-30 10:42:00', '230.00', 'Firefly', '2026-01-30 11:54:00'),
(11369, 'FY6196', 4, 5, '2026-01-30 07:30:00', '266.00', 'Firefly', '2026-01-30 08:42:00'),
(11370, 'FY2147', 5, 4, '2026-01-30 11:42:00', '266.00', 'Firefly', '2026-01-30 12:54:00'),
(11371, 'FY615', 4, 5, '2026-01-30 08:45:00', '277.00', 'Firefly', '2026-01-30 09:57:00'),
(11372, 'FY7752', 5, 4, '2026-01-30 12:57:00', '277.00', 'Firefly', '2026-01-30 14:09:00'),
(11373, 'FY3031', 4, 5, '2026-01-30 11:30:00', '226.00', 'Firefly', '2026-01-30 12:42:00'),
(11374, 'FY8855', 5, 4, '2026-01-30 15:42:00', '226.00', 'Firefly', '2026-01-30 16:54:00'),
(11375, 'FY425', 4, 5, '2026-01-30 14:30:00', '226.00', 'Firefly', '2026-01-30 15:42:00'),
(11376, 'FY7238', 5, 4, '2026-01-30 17:42:00', '226.00', 'Firefly', '2026-01-30 18:54:00'),
(11377, 'FY1272', 4, 5, '2026-01-30 15:00:00', '198.00', 'Firefly', '2026-01-30 16:12:00'),
(11378, 'FY6723', 5, 4, '2026-01-30 20:12:00', '198.00', 'Firefly', '2026-01-30 21:24:00'),
(11379, 'FY8386', 4, 5, '2026-01-30 17:30:00', '288.00', 'Firefly', '2026-01-30 18:42:00'),
(11380, 'FY5670', 5, 4, '2026-01-30 22:42:00', '288.00', 'Firefly', '2026-01-30 23:54:00'),
(11381, 'FY9131', 4, 5, '2026-01-30 19:00:00', '294.00', 'Firefly', '2026-01-30 20:12:00'),
(11382, 'FY2095', 5, 4, '2026-01-30 22:12:00', '294.00', 'Firefly', '2026-01-30 23:24:00'),
(11383, 'FY6428', 4, 5, '2026-01-30 19:30:00', '272.00', 'Firefly', '2026-01-30 20:42:00'),
(11384, 'FY7817', 5, 4, '2026-01-31 00:42:00', '272.00', 'Firefly', '2026-01-31 01:54:00'),
(11385, 'FY6751', 4, 5, '2026-01-30 20:30:00', '288.00', 'Firefly', '2026-01-30 21:42:00'),
(11386, 'FY9866', 5, 4, '2026-01-31 01:42:00', '288.00', 'Firefly', '2026-01-31 02:54:00'),
(11387, 'FY3104', 4, 5, '2026-01-30 21:00:00', '228.00', 'Firefly', '2026-01-30 22:12:00'),
(11388, 'FY1122', 5, 4, '2026-01-31 01:12:00', '228.00', 'Firefly', '2026-01-31 02:24:00'),
(11389, 'MH979', 4, 2, '2026-01-30 00:30:00', '224.00', 'Malaysia Airlines', '2026-01-30 02:33:00'),
(11390, 'MH4699', 2, 4, '2026-01-30 05:33:00', '224.00', 'Malaysia Airlines', '2026-01-30 07:36:00'),
(11391, 'MH7621', 4, 2, '2026-01-30 03:30:00', '197.00', 'Malaysia Airlines', '2026-01-30 05:33:00'),
(11392, 'MH147', 2, 4, '2026-01-30 08:33:00', '197.00', 'Malaysia Airlines', '2026-01-30 10:36:00'),
(11393, 'MH6781', 4, 2, '2026-01-30 05:00:00', '210.00', 'Malaysia Airlines', '2026-01-30 07:03:00'),
(11394, 'MH2184', 2, 4, '2026-01-30 10:03:00', '210.00', 'Malaysia Airlines', '2026-01-30 12:06:00'),
(11395, 'MH6667', 4, 2, '2026-01-30 05:30:00', '217.00', 'Malaysia Airlines', '2026-01-30 07:33:00'),
(11396, 'MH7482', 2, 4, '2026-01-30 10:33:00', '217.00', 'Malaysia Airlines', '2026-01-30 12:36:00'),
(11397, 'MH5187', 4, 2, '2026-01-30 08:45:00', '283.00', 'Malaysia Airlines', '2026-01-30 10:48:00'),
(11398, 'MH301', 2, 4, '2026-01-30 12:48:00', '283.00', 'Malaysia Airlines', '2026-01-30 14:51:00'),
(11399, 'MH5879', 4, 2, '2026-01-30 10:00:00', '197.00', 'Malaysia Airlines', '2026-01-30 12:03:00'),
(11400, 'MH7346', 2, 4, '2026-01-30 14:03:00', '197.00', 'Malaysia Airlines', '2026-01-30 16:06:00'),
(11401, 'MH3247', 4, 2, '2026-01-30 11:00:00', '226.00', 'Malaysia Airlines', '2026-01-30 13:03:00'),
(11402, 'MH9370', 2, 4, '2026-01-30 15:03:00', '226.00', 'Malaysia Airlines', '2026-01-30 17:06:00'),
(11403, 'MH881', 4, 2, '2026-01-30 11:30:00', '224.00', 'Malaysia Airlines', '2026-01-30 13:33:00'),
(11404, 'MH887', 2, 4, '2026-01-30 16:33:00', '224.00', 'Malaysia Airlines', '2026-01-30 18:36:00'),
(11405, 'MH1825', 4, 2, '2026-01-30 15:00:00', '219.00', 'Malaysia Airlines', '2026-01-30 17:03:00'),
(11406, 'MH4944', 2, 4, '2026-01-30 20:03:00', '219.00', 'Malaysia Airlines', '2026-01-30 22:06:00'),
(11407, 'MH877', 4, 2, '2026-01-30 17:00:00', '260.00', 'Malaysia Airlines', '2026-01-30 19:03:00'),
(11408, 'MH125', 2, 4, '2026-01-30 21:03:00', '260.00', 'Malaysia Airlines', '2026-01-30 23:06:00'),
(11409, 'MH7989', 4, 2, '2026-01-30 17:30:00', '300.00', 'Malaysia Airlines', '2026-01-30 19:33:00'),
(11410, 'MH5704', 2, 4, '2026-01-30 21:33:00', '300.00', 'Malaysia Airlines', '2026-01-30 23:36:00'),
(11411, 'MH1645', 4, 2, '2026-01-30 18:00:00', '297.00', 'Malaysia Airlines', '2026-01-30 20:03:00'),
(11412, 'MH2000', 2, 4, '2026-01-30 23:03:00', '297.00', 'Malaysia Airlines', '2026-01-31 01:06:00'),
(11413, 'MH6919', 4, 2, '2026-01-30 19:00:00', '260.00', 'Malaysia Airlines', '2026-01-30 21:03:00'),
(11414, 'MH7388', 2, 4, '2026-01-30 23:03:00', '260.00', 'Malaysia Airlines', '2026-01-31 01:06:00'),
(11415, 'MH9265', 4, 2, '2026-01-30 19:30:00', '308.00', 'Malaysia Airlines', '2026-01-30 21:33:00'),
(11416, 'MH2000', 2, 4, '2026-01-31 00:33:00', '308.00', 'Malaysia Airlines', '2026-01-31 02:36:00'),
(11417, 'MH493', 4, 2, '2026-01-30 21:00:00', '234.00', 'Malaysia Airlines', '2026-01-30 23:03:00'),
(11418, 'MH6760', 2, 4, '2026-01-31 02:03:00', '234.00', 'Malaysia Airlines', '2026-01-31 04:06:00'),
(11419, 'OD7359', 5, 3, '2026-01-30 00:30:00', '195.00', 'Batik Air Malaysia', '2026-01-30 02:23:00'),
(11420, 'OD1997', 3, 5, '2026-01-30 06:23:00', '195.00', 'Batik Air Malaysia', '2026-01-30 08:16:00'),
(11421, 'OD2582', 5, 3, '2026-01-30 03:30:00', '207.00', 'Batik Air Malaysia', '2026-01-30 05:23:00'),
(11422, 'OD7759', 3, 5, '2026-01-30 08:23:00', '207.00', 'Batik Air Malaysia', '2026-01-30 10:16:00'),
(11423, 'OD7984', 5, 3, '2026-01-30 05:00:00', '189.00', 'Batik Air Malaysia', '2026-01-30 06:53:00'),
(11424, 'OD8250', 3, 5, '2026-01-30 10:53:00', '189.00', 'Batik Air Malaysia', '2026-01-30 12:46:00'),
(11425, 'OD3630', 5, 3, '2026-01-30 05:30:00', '189.00', 'Batik Air Malaysia', '2026-01-30 07:23:00'),
(11426, 'OD5636', 3, 5, '2026-01-30 11:23:00', '189.00', 'Batik Air Malaysia', '2026-01-30 13:16:00'),
(11427, 'OD1397', 5, 3, '2026-01-30 07:30:00', '266.00', 'Batik Air Malaysia', '2026-01-30 09:23:00'),
(11428, 'OD5310', 3, 5, '2026-01-30 12:23:00', '266.00', 'Batik Air Malaysia', '2026-01-30 14:16:00'),
(11429, 'OD8561', 5, 3, '2026-01-30 08:45:00', '261.00', 'Batik Air Malaysia', '2026-01-30 10:38:00'),
(11430, 'OD8683', 3, 5, '2026-01-30 12:38:00', '261.00', 'Batik Air Malaysia', '2026-01-30 14:31:00'),
(11431, 'OD7823', 5, 3, '2026-01-30 10:00:00', '199.00', 'Batik Air Malaysia', '2026-01-30 11:53:00'),
(11432, 'OD4387', 3, 5, '2026-01-30 14:53:00', '199.00', 'Batik Air Malaysia', '2026-01-30 16:46:00'),
(11433, 'OD7837', 5, 3, '2026-01-30 11:00:00', '199.00', 'Batik Air Malaysia', '2026-01-30 12:53:00'),
(11434, 'OD6177', 3, 5, '2026-01-30 16:53:00', '199.00', 'Batik Air Malaysia', '2026-01-30 18:46:00'),
(11435, 'OD3962', 5, 3, '2026-01-30 15:00:00', '183.00', 'Batik Air Malaysia', '2026-01-30 16:53:00'),
(11436, 'OD5981', 3, 5, '2026-01-30 20:53:00', '183.00', 'Batik Air Malaysia', '2026-01-30 22:46:00'),
(11437, 'OD6712', 5, 3, '2026-01-30 16:00:00', '208.00', 'Batik Air Malaysia', '2026-01-30 17:53:00'),
(11438, 'OD4953', 3, 5, '2026-01-30 20:53:00', '208.00', 'Batik Air Malaysia', '2026-01-30 22:46:00'),
(11439, 'OD5455', 5, 3, '2026-01-30 17:00:00', '274.00', 'Batik Air Malaysia', '2026-01-30 18:53:00'),
(11440, 'OD7134', 3, 5, '2026-01-30 22:53:00', '274.00', 'Batik Air Malaysia', '2026-01-31 00:46:00'),
(11441, 'OD9582', 5, 3, '2026-01-30 17:30:00', '246.00', 'Batik Air Malaysia', '2026-01-30 19:23:00'),
(11442, 'OD4051', 3, 5, '2026-01-30 23:23:00', '246.00', 'Batik Air Malaysia', '2026-01-31 01:16:00'),
(11443, 'OD9853', 5, 3, '2026-01-30 19:30:00', '228.00', 'Batik Air Malaysia', '2026-01-30 21:23:00'),
(11444, 'OD3159', 3, 5, '2026-01-31 00:23:00', '228.00', 'Batik Air Malaysia', '2026-01-31 02:16:00'),
(11445, 'OD1293', 5, 3, '2026-01-30 20:30:00', '238.00', 'Batik Air Malaysia', '2026-01-30 22:23:00'),
(11446, 'OD5403', 3, 5, '2026-01-31 02:23:00', '238.00', 'Batik Air Malaysia', '2026-01-31 04:16:00'),
(11447, 'OD6281', 5, 3, '2026-01-30 23:00:00', '178.00', 'Batik Air Malaysia', '2026-01-31 00:53:00'),
(11448, 'OD4870', 3, 5, '2026-01-31 04:53:00', '178.00', 'Batik Air Malaysia', '2026-01-31 06:46:00'),
(11449, 'AK3930', 3, 2, '2026-01-30 00:30:00', '165.00', 'AirAsia', '2026-01-30 02:13:00'),
(11450, 'AK2819', 2, 3, '2026-01-30 04:13:00', '165.00', 'AirAsia', '2026-01-30 05:56:00'),
(11451, 'AK8608', 3, 2, '2026-01-30 02:00:00', '155.00', 'AirAsia', '2026-01-30 03:43:00'),
(11452, 'AK7544', 2, 3, '2026-01-30 07:43:00', '155.00', 'AirAsia', '2026-01-30 09:26:00'),
(11453, 'AK8622', 3, 2, '2026-01-30 03:30:00', '163.00', 'AirAsia', '2026-01-30 05:13:00'),
(11454, 'AK3981', 2, 3, '2026-01-30 09:13:00', '163.00', 'AirAsia', '2026-01-30 10:56:00'),
(11455, 'AK5774', 3, 2, '2026-01-30 07:30:00', '227.00', 'AirAsia', '2026-01-30 09:13:00'),
(11456, 'AK8446', 2, 3, '2026-01-30 13:13:00', '227.00', 'AirAsia', '2026-01-30 14:56:00'),
(11457, 'AK2283', 3, 2, '2026-01-30 09:30:00', '212.00', 'AirAsia', '2026-01-30 11:13:00'),
(11458, 'AK4705', 2, 3, '2026-01-30 14:13:00', '212.00', 'AirAsia', '2026-01-30 15:56:00'),
(11459, 'AK6397', 3, 2, '2026-01-30 11:00:00', '178.00', 'AirAsia', '2026-01-30 12:43:00'),
(11460, 'AK3691', 2, 3, '2026-01-30 15:43:00', '178.00', 'AirAsia', '2026-01-30 17:26:00'),
(11461, 'AK8844', 3, 2, '2026-01-30 13:00:00', '158.00', 'AirAsia', '2026-01-30 14:43:00'),
(11462, 'AK8433', 2, 3, '2026-01-30 16:43:00', '158.00', 'AirAsia', '2026-01-30 18:26:00'),
(11463, 'AK1704', 3, 2, '2026-01-30 14:30:00', '163.00', 'AirAsia', '2026-01-30 16:13:00'),
(11464, 'AK1405', 2, 3, '2026-01-30 20:13:00', '163.00', 'AirAsia', '2026-01-30 21:56:00'),
(11465, 'AK1792', 3, 2, '2026-01-30 17:00:00', '204.00', 'AirAsia', '2026-01-30 18:43:00'),
(11466, 'AK4761', 2, 3, '2026-01-30 21:43:00', '204.00', 'AirAsia', '2026-01-30 23:26:00'),
(11467, 'AK111', 3, 2, '2026-01-30 17:30:00', '201.00', 'AirAsia', '2026-01-30 19:13:00'),
(11468, 'AK6186', 2, 3, '2026-01-30 22:13:00', '201.00', 'AirAsia', '2026-01-30 23:56:00'),
(11469, 'AK1838', 3, 2, '2026-01-30 18:00:00', '223.00', 'AirAsia', '2026-01-30 19:43:00'),
(11470, 'AK8542', 2, 3, '2026-01-30 21:43:00', '223.00', 'AirAsia', '2026-01-30 23:26:00'),
(11471, 'AK4153', 3, 2, '2026-01-30 19:00:00', '193.00', 'AirAsia', '2026-01-30 20:43:00'),
(11472, 'AK6982', 2, 3, '2026-01-30 23:43:00', '193.00', 'AirAsia', '2026-01-31 01:26:00'),
(11473, 'AK8624', 3, 2, '2026-01-30 20:30:00', '201.00', 'AirAsia', '2026-01-30 22:13:00'),
(11474, 'AK9402', 2, 3, '2026-01-31 01:13:00', '201.00', 'AirAsia', '2026-01-31 02:56:00'),
(11475, 'AK1072', 3, 2, '2026-01-30 22:00:00', '171.00', 'AirAsia', '2026-01-30 23:43:00'),
(11476, 'AK9381', 2, 3, '2026-01-31 02:43:00', '171.00', 'AirAsia', '2026-01-31 04:26:00'),
(11477, 'AK7571', 1, 2, '2026-01-31 00:30:00', '103.00', 'AirAsia', '2026-01-31 01:30:00'),
(11478, 'AK6863', 2, 1, '2026-01-31 04:30:00', '103.00', 'AirAsia', '2026-01-31 05:30:00'),
(11479, 'MH5072', 1, 2, '2026-01-31 02:00:00', '168.00', 'Malaysia Airlines', '2026-01-31 03:00:00'),
(11480, 'MH6908', 2, 1, '2026-01-31 07:00:00', '168.00', 'Malaysia Airlines', '2026-01-31 08:00:00'),
(11481, 'FY6566', 1, 2, '2026-01-31 05:00:00', '113.00', 'Firefly', '2026-01-31 06:00:00'),
(11482, 'FY2339', 2, 1, '2026-01-31 09:00:00', '113.00', 'Firefly', '2026-01-31 10:00:00'),
(11483, 'AK8141', 1, 2, '2026-01-31 05:30:00', '98.00', 'AirAsia', '2026-01-31 06:30:00'),
(11484, 'AK8220', 2, 1, '2026-01-31 10:30:00', '98.00', 'AirAsia', '2026-01-31 11:30:00'),
(11485, 'AK5564', 1, 2, '2026-01-31 07:30:00', '138.00', 'AirAsia', '2026-01-31 08:30:00'),
(11486, 'AK5326', 2, 1, '2026-01-31 10:30:00', '138.00', 'AirAsia', '2026-01-31 11:30:00'),
(11487, 'MH3059', 1, 2, '2026-01-31 09:30:00', '216.00', 'Malaysia Airlines', '2026-01-31 10:30:00'),
(11488, 'MH5969', 2, 1, '2026-01-31 14:30:00', '216.00', 'Malaysia Airlines', '2026-01-31 15:30:00'),
(11489, 'FY8659', 1, 2, '2026-01-31 11:00:00', '121.00', 'Firefly', '2026-01-31 12:00:00'),
(11490, 'FY7836', 2, 1, '2026-01-31 16:00:00', '121.00', 'Firefly', '2026-01-31 17:00:00'),
(11491, 'AK5562', 1, 2, '2026-01-31 11:30:00', '99.00', 'AirAsia', '2026-01-31 12:30:00'),
(11492, 'AK5853', 2, 1, '2026-01-31 16:30:00', '99.00', 'AirAsia', '2026-01-31 17:30:00'),
(11493, 'AK5073', 1, 2, '2026-01-31 13:00:00', '102.00', 'AirAsia', '2026-01-31 14:00:00'),
(11494, 'AK1935', 2, 1, '2026-01-31 17:00:00', '102.00', 'AirAsia', '2026-01-31 18:00:00'),
(11495, 'MH1306', 1, 2, '2026-01-31 14:30:00', '154.00', 'Malaysia Airlines', '2026-01-31 15:30:00'),
(11496, 'MH5339', 2, 1, '2026-01-31 18:30:00', '154.00', 'Malaysia Airlines', '2026-01-31 19:30:00'),
(11497, 'FY1176', 1, 2, '2026-01-31 17:00:00', '131.00', 'Firefly', '2026-01-31 18:00:00'),
(11498, 'FY3972', 2, 1, '2026-01-31 22:00:00', '131.00', 'Firefly', '2026-01-31 23:00:00'),
(11499, 'AK1850', 1, 2, '2026-01-31 17:30:00', '132.00', 'AirAsia', '2026-01-31 18:30:00'),
(11500, 'AK5887', 2, 1, '2026-01-31 20:30:00', '132.00', 'AirAsia', '2026-01-31 21:30:00'),
(11501, 'AK6296', 1, 2, '2026-01-31 21:00:00', '109.00', 'AirAsia', '2026-01-31 22:00:00'),
(11502, 'AK7617', 2, 1, '2026-02-01 01:00:00', '109.00', 'AirAsia', '2026-02-01 02:00:00'),
(11503, 'MH3968', 1, 2, '2026-01-31 22:00:00', '169.00', 'Malaysia Airlines', '2026-01-31 23:00:00'),
(11504, 'MH5247', 2, 1, '2026-02-01 03:00:00', '169.00', 'Malaysia Airlines', '2026-02-01 04:00:00'),
(11505, 'FY6771', 1, 2, '2026-01-31 23:00:00', '124.00', 'Firefly', '2026-02-01 00:00:00'),
(11506, 'FY5101', 2, 1, '2026-02-01 04:00:00', '124.00', 'Firefly', '2026-02-01 05:00:00'),
(11507, 'AK7045', 1, 5, '2026-01-31 00:30:00', '74.00', 'AirAsia', '2026-01-31 01:20:00'),
(11508, 'AK9655', 5, 1, '2026-01-31 03:20:00', '74.00', 'AirAsia', '2026-01-31 04:10:00'),
(11509, 'FY7050', 1, 5, '2026-01-31 03:30:00', '93.00', 'Firefly', '2026-01-31 04:20:00'),
(11510, 'FY9823', 5, 1, '2026-01-31 06:20:00', '93.00', 'Firefly', '2026-01-31 07:10:00'),
(11511, 'AK3154', 1, 5, '2026-01-31 05:00:00', '85.00', 'AirAsia', '2026-01-31 05:50:00'),
(11512, 'AK1658', 5, 1, '2026-01-31 08:50:00', '85.00', 'AirAsia', '2026-01-31 09:40:00'),
(11513, 'AK286', 1, 5, '2026-01-31 06:00:00', '79.00', 'AirAsia', '2026-01-31 06:50:00'),
(11514, 'AK8995', 5, 1, '2026-01-31 09:50:00', '79.00', 'AirAsia', '2026-01-31 10:40:00'),
(11515, 'FY5644', 1, 5, '2026-01-31 07:30:00', '116.00', 'Firefly', '2026-01-31 08:20:00'),
(11516, 'FY227', 5, 1, '2026-01-31 11:20:00', '116.00', 'Firefly', '2026-01-31 12:10:00'),
(11517, 'AK3235', 1, 5, '2026-01-31 11:30:00', '80.00', 'AirAsia', '2026-01-31 12:20:00'),
(11518, 'AK7576', 5, 1, '2026-01-31 15:20:00', '80.00', 'AirAsia', '2026-01-31 16:10:00'),
(11519, 'AK4448', 1, 5, '2026-01-31 12:00:00', '80.00', 'AirAsia', '2026-01-31 12:50:00'),
(11520, 'AK6114', 5, 1, '2026-01-31 15:50:00', '80.00', 'AirAsia', '2026-01-31 16:40:00'),
(11521, 'FY4826', 1, 5, '2026-01-31 15:00:00', '80.00', 'Firefly', '2026-01-31 15:50:00'),
(11522, 'FY3860', 5, 1, '2026-01-31 18:50:00', '80.00', 'Firefly', '2026-01-31 19:40:00'),
(11523, 'AK1713', 1, 5, '2026-01-31 17:00:00', '96.00', 'AirAsia', '2026-01-31 17:50:00'),
(11524, 'AK8555', 5, 1, '2026-01-31 19:50:00', '96.00', 'AirAsia', '2026-01-31 20:40:00'),
(11525, 'AK281', 1, 5, '2026-01-31 19:30:00', '101.00', 'AirAsia', '2026-01-31 20:20:00'),
(11526, 'AK7140', 5, 1, '2026-02-01 00:20:00', '101.00', 'AirAsia', '2026-02-01 01:10:00'),
(11527, 'FY4289', 1, 5, '2026-01-31 21:00:00', '86.00', 'Firefly', '2026-01-31 21:50:00'),
(11528, 'FY6950', 5, 1, '2026-02-01 00:50:00', '86.00', 'Firefly', '2026-02-01 01:40:00'),
(11529, 'AK1819', 1, 5, '2026-01-31 22:00:00', '81.00', 'AirAsia', '2026-01-31 22:50:00'),
(11530, 'AK5546', 5, 1, '2026-02-01 02:50:00', '81.00', 'AirAsia', '2026-02-01 03:40:00'),
(11531, 'FY8874', 1, 5, '2026-01-31 23:00:00', '91.00', 'Firefly', '2026-01-31 23:50:00'),
(11532, 'FY7960', 5, 1, '2026-02-01 02:50:00', '91.00', 'Firefly', '2026-02-01 03:40:00'),
(11533, 'AK9963', 1, 4, '2026-01-31 02:00:00', '197.00', 'AirAsia', '2026-01-31 04:30:00'),
(11534, 'AK9526', 4, 1, '2026-01-31 08:30:00', '197.00', 'AirAsia', '2026-01-31 11:00:00'),
(11535, 'MH8336', 1, 4, '2026-01-31 03:30:00', '339.00', 'Malaysia Airlines', '2026-01-31 06:00:00'),
(11536, 'MH9753', 4, 1, '2026-01-31 09:00:00', '339.00', 'Malaysia Airlines', '2026-01-31 11:30:00'),
(11537, 'OD134', 1, 4, '2026-01-31 05:00:00', '243.00', 'Batik Air Malaysia', '2026-01-31 07:30:00'),
(11538, 'OD2963', 4, 1, '2026-01-31 11:30:00', '243.00', 'Batik Air Malaysia', '2026-01-31 14:00:00'),
(11539, 'AK2199', 1, 4, '2026-01-31 07:30:00', '289.00', 'AirAsia', '2026-01-31 10:00:00'),
(11540, 'AK4975', 4, 1, '2026-01-31 12:00:00', '289.00', 'AirAsia', '2026-01-31 14:30:00'),
(11541, 'MH8124', 1, 4, '2026-01-31 08:45:00', '454.00', 'Malaysia Airlines', '2026-01-31 11:15:00'),
(11542, 'MH5584', 4, 1, '2026-01-31 14:15:00', '454.00', 'Malaysia Airlines', '2026-01-31 16:45:00'),
(11543, 'OD8546', 1, 4, '2026-01-31 10:00:00', '284.00', 'Batik Air Malaysia', '2026-01-31 12:30:00'),
(11544, 'OD5762', 4, 1, '2026-01-31 14:30:00', '284.00', 'Batik Air Malaysia', '2026-01-31 17:00:00'),
(11545, 'AK1964', 1, 4, '2026-01-31 11:00:00', '234.00', 'AirAsia', '2026-01-31 13:30:00'),
(11546, 'AK9734', 4, 1, '2026-01-31 15:30:00', '234.00', 'AirAsia', '2026-01-31 18:00:00'),
(11547, 'AK3880', 1, 4, '2026-01-31 15:00:00', '228.00', 'AirAsia', '2026-01-31 17:30:00'),
(11548, 'AK9847', 4, 1, '2026-01-31 21:30:00', '228.00', 'AirAsia', '2026-02-01 00:00:00'),
(11549, 'MH3271', 1, 4, '2026-01-31 16:00:00', '346.00', 'Malaysia Airlines', '2026-01-31 18:30:00'),
(11550, 'MH9536', 4, 1, '2026-01-31 22:30:00', '346.00', 'Malaysia Airlines', '2026-02-01 01:00:00'),
(11551, 'OD1925', 1, 4, '2026-01-31 17:00:00', '336.00', 'Batik Air Malaysia', '2026-01-31 19:30:00'),
(11552, 'OD644', 4, 1, '2026-01-31 23:30:00', '336.00', 'Batik Air Malaysia', '2026-02-01 02:00:00'),
(11553, 'AK4949', 1, 4, '2026-01-31 17:30:00', '269.00', 'AirAsia', '2026-01-31 20:00:00'),
(11554, 'AK1901', 4, 1, '2026-01-31 23:00:00', '269.00', 'AirAsia', '2026-02-01 01:30:00'),
(11555, 'AK573', 1, 4, '2026-01-31 19:00:00', '283.00', 'AirAsia', '2026-01-31 21:30:00'),
(11556, 'AK9332', 4, 1, '2026-01-31 23:30:00', '283.00', 'AirAsia', '2026-02-01 02:00:00'),
(11557, 'MH3587', 1, 4, '2026-01-31 20:30:00', '411.00', 'Malaysia Airlines', '2026-01-31 23:00:00'),
(11558, 'MH8076', 4, 1, '2026-02-01 03:00:00', '411.00', 'Malaysia Airlines', '2026-02-01 05:30:00'),
(11559, 'OD7408', 1, 4, '2026-01-31 21:00:00', '266.00', 'Batik Air Malaysia', '2026-01-31 23:30:00'),
(11560, 'OD1894', 4, 1, '2026-02-01 03:30:00', '266.00', 'Batik Air Malaysia', '2026-02-01 06:00:00'),
(11561, 'AK4327', 1, 3, '2026-01-31 00:30:00', '173.00', 'AirAsia', '2026-01-31 02:15:00'),
(11562, 'AK967', 3, 1, '2026-01-31 04:15:00', '173.00', 'AirAsia', '2026-01-31 06:00:00'),
(11563, 'MH9779', 1, 3, '2026-01-31 05:00:00', '252.00', 'Malaysia Airlines', '2026-01-31 06:45:00'),
(11564, 'MH8970', 3, 1, '2026-01-31 09:45:00', '252.00', 'Malaysia Airlines', '2026-01-31 11:30:00'),
(11565, 'OD4465', 1, 3, '2026-01-31 05:30:00', '196.00', 'Batik Air Malaysia', '2026-01-31 07:15:00'),
(11566, 'OD1314', 3, 1, '2026-01-31 10:15:00', '196.00', 'Batik Air Malaysia', '2026-01-31 12:00:00'),
(11567, 'AK6882', 1, 3, '2026-01-31 09:30:00', '239.00', 'AirAsia', '2026-01-31 11:15:00'),
(11568, 'AK4860', 3, 1, '2026-01-31 13:15:00', '239.00', 'AirAsia', '2026-01-31 15:00:00'),
(11569, 'MH1163', 1, 3, '2026-01-31 10:00:00', '239.00', 'Malaysia Airlines', '2026-01-31 11:45:00'),
(11570, 'MH6613', 3, 1, '2026-01-31 15:45:00', '239.00', 'Malaysia Airlines', '2026-01-31 17:30:00'),
(11571, 'OD5622', 1, 3, '2026-01-31 11:30:00', '210.00', 'Batik Air Malaysia', '2026-01-31 13:15:00'),
(11572, 'OD966', 3, 1, '2026-01-31 16:15:00', '210.00', 'Batik Air Malaysia', '2026-01-31 18:00:00'),
(11573, 'AK3896', 1, 3, '2026-01-31 13:00:00', '186.00', 'AirAsia', '2026-01-31 14:45:00'),
(11574, 'AK2267', 3, 1, '2026-01-31 17:45:00', '186.00', 'AirAsia', '2026-01-31 19:30:00'),
(11575, 'MH3128', 1, 3, '2026-01-31 16:00:00', '236.00', 'Malaysia Airlines', '2026-01-31 17:45:00'),
(11576, 'MH8377', 3, 1, '2026-01-31 21:45:00', '236.00', 'Malaysia Airlines', '2026-01-31 23:30:00'),
(11577, 'OD7328', 1, 3, '2026-01-31 17:30:00', '291.00', 'Batik Air Malaysia', '2026-01-31 19:15:00'),
(11578, 'OD9772', 3, 1, '2026-01-31 21:15:00', '291.00', 'Batik Air Malaysia', '2026-01-31 23:00:00'),
(11579, 'AK3454', 1, 3, '2026-01-31 18:00:00', '203.00', 'AirAsia', '2026-01-31 19:45:00'),
(11580, 'AK9361', 3, 1, '2026-01-31 21:45:00', '203.00', 'AirAsia', '2026-01-31 23:30:00'),
(11581, 'MH9057', 1, 3, '2026-01-31 19:00:00', '301.00', 'Malaysia Airlines', '2026-01-31 20:45:00'),
(11582, 'MH2404', 3, 1, '2026-01-31 23:45:00', '301.00', 'Malaysia Airlines', '2026-02-01 01:30:00'),
(11583, 'OD2973', 1, 3, '2026-01-31 20:30:00', '272.00', 'Batik Air Malaysia', '2026-01-31 22:15:00'),
(11584, 'OD6853', 3, 1, '2026-02-01 00:15:00', '272.00', 'Batik Air Malaysia', '2026-02-01 02:00:00'),
(11585, 'AK9590', 1, 3, '2026-01-31 23:00:00', '173.00', 'AirAsia', '2026-02-01 00:45:00'),
(11586, 'AK6213', 3, 1, '2026-02-01 04:45:00', '173.00', 'AirAsia', '2026-02-01 06:30:00'),
(11587, 'AK4402', 2, 5, '2026-01-31 00:30:00', '108.00', 'AirAsia', '2026-01-31 01:40:00'),
(11588, 'AK8946', 5, 2, '2026-01-31 03:40:00', '108.00', 'AirAsia', '2026-01-31 04:50:00'),
(11589, 'AK3161', 2, 5, '2026-01-31 02:00:00', '121.00', 'AirAsia', '2026-01-31 03:10:00'),
(11590, 'AK7732', 5, 2, '2026-01-31 07:10:00', '121.00', 'AirAsia', '2026-01-31 08:20:00'),
(11591, 'AK2932', 2, 5, '2026-01-31 03:30:00', '123.00', 'AirAsia', '2026-01-31 04:40:00'),
(11592, 'AK7080', 5, 2, '2026-01-31 07:40:00', '123.00', 'AirAsia', '2026-01-31 08:50:00'),
(11593, 'AK5118', 2, 5, '2026-01-31 05:00:00', '109.00', 'AirAsia', '2026-01-31 06:10:00'),
(11594, 'AK3859', 5, 2, '2026-01-31 08:10:00', '109.00', 'AirAsia', '2026-01-31 09:20:00'),
(11595, 'AK698', 2, 5, '2026-01-31 10:00:00', '119.00', 'AirAsia', '2026-01-31 11:10:00'),
(11596, 'AK3079', 5, 2, '2026-01-31 13:10:00', '119.00', 'AirAsia', '2026-01-31 14:20:00'),
(11597, 'AK4667', 2, 5, '2026-01-31 11:00:00', '106.00', 'AirAsia', '2026-01-31 12:10:00'),
(11598, 'AK4236', 5, 2, '2026-01-31 16:10:00', '106.00', 'AirAsia', '2026-01-31 17:20:00'),
(11599, 'AK9631', 2, 5, '2026-01-31 11:30:00', '115.00', 'AirAsia', '2026-01-31 12:40:00'),
(11600, 'AK1806', 5, 2, '2026-01-31 14:40:00', '115.00', 'AirAsia', '2026-01-31 15:50:00'),
(11601, 'AK1653', 2, 5, '2026-01-31 12:00:00', '125.00', 'AirAsia', '2026-01-31 13:10:00'),
(11602, 'AK4760', 5, 2, '2026-01-31 17:10:00', '125.00', 'AirAsia', '2026-01-31 18:20:00'),
(11603, 'AK8054', 2, 5, '2026-01-31 14:30:00', '115.00', 'AirAsia', '2026-01-31 15:40:00'),
(11604, 'AK9967', 5, 2, '2026-01-31 17:40:00', '115.00', 'AirAsia', '2026-01-31 18:50:00'),
(11605, 'AK6458', 2, 5, '2026-01-31 17:30:00', '158.00', 'AirAsia', '2026-01-31 18:40:00'),
(11606, 'AK9566', 5, 2, '2026-01-31 22:40:00', '158.00', 'AirAsia', '2026-01-31 23:50:00'),
(11607, 'AK1982', 2, 5, '2026-01-31 18:00:00', '144.00', 'AirAsia', '2026-01-31 19:10:00'),
(11608, 'AK7084', 5, 2, '2026-01-31 22:10:00', '144.00', 'AirAsia', '2026-01-31 23:20:00'),
(11609, 'AK6207', 2, 5, '2026-01-31 19:00:00', '157.00', 'AirAsia', '2026-01-31 20:10:00'),
(11610, 'AK2381', 5, 2, '2026-01-31 22:10:00', '157.00', 'AirAsia', '2026-01-31 23:20:00'),
(11611, 'AK2385', 2, 5, '2026-01-31 19:30:00', '149.00', 'AirAsia', '2026-01-31 20:40:00'),
(11612, 'AK2716', 5, 2, '2026-01-31 22:40:00', '149.00', 'AirAsia', '2026-01-31 23:50:00'),
(11613, 'AK5271', 2, 5, '2026-01-31 23:00:00', '114.00', 'AirAsia', '2026-02-01 00:10:00'),
(11614, 'AK8085', 5, 2, '2026-02-01 03:10:00', '114.00', 'AirAsia', '2026-02-01 04:20:00'),
(11615, 'AK5474', 4, 3, '2026-01-31 02:00:00', '145.00', 'AirAsia', '2026-01-31 03:30:00'),
(11616, 'AK2910', 3, 4, '2026-01-31 07:30:00', '145.00', 'AirAsia', '2026-01-31 09:00:00'),
(11617, 'MH4944', 4, 3, '2026-01-31 03:30:00', '201.00', 'Malaysia Airlines', '2026-01-31 05:00:00'),
(11618, 'MH4696', 3, 4, '2026-01-31 09:00:00', '201.00', 'Malaysia Airlines', '2026-01-31 10:30:00'),
(11619, 'AK7639', 4, 3, '2026-01-31 05:00:00', '151.00', 'AirAsia', '2026-01-31 06:30:00'),
(11620, 'AK8258', 3, 4, '2026-01-31 10:30:00', '151.00', 'AirAsia', '2026-01-31 12:00:00'),
(11621, 'AK8025', 4, 3, '2026-01-31 06:00:00', '158.00', 'AirAsia', '2026-01-31 07:30:00'),
(11622, 'AK6914', 3, 4, '2026-01-31 09:30:00', '158.00', 'AirAsia', '2026-01-31 11:00:00'),
(11623, 'MH7450', 4, 3, '2026-01-31 08:45:00', '303.00', 'Malaysia Airlines', '2026-01-31 10:15:00'),
(11624, 'MH6654', 3, 4, '2026-01-31 12:15:00', '303.00', 'Malaysia Airlines', '2026-01-31 13:45:00'),
(11625, 'AK2576', 4, 3, '2026-01-31 10:00:00', '133.00', 'AirAsia', '2026-01-31 11:30:00'),
(11626, 'AK3439', 3, 4, '2026-01-31 14:30:00', '133.00', 'AirAsia', '2026-01-31 16:00:00'),
(11627, 'MH6146', 4, 3, '2026-01-31 11:00:00', '223.00', 'Malaysia Airlines', '2026-01-31 12:30:00'),
(11628, 'MH2073', 3, 4, '2026-01-31 14:30:00', '223.00', 'Malaysia Airlines', '2026-01-31 16:00:00'),
(11629, 'AK8797', 4, 3, '2026-01-31 13:00:00', '160.00', 'AirAsia', '2026-01-31 14:30:00'),
(11630, 'AK3400', 3, 4, '2026-01-31 16:30:00', '160.00', 'AirAsia', '2026-01-31 18:00:00'),
(11631, 'MH3268', 4, 3, '2026-01-31 14:30:00', '216.00', 'Malaysia Airlines', '2026-01-31 16:00:00'),
(11632, 'MH4873', 3, 4, '2026-01-31 18:00:00', '216.00', 'Malaysia Airlines', '2026-01-31 19:30:00'),
(11633, 'AK9087', 4, 3, '2026-01-31 16:00:00', '142.00', 'AirAsia', '2026-01-31 17:30:00'),
(11634, 'AK8521', 3, 4, '2026-01-31 19:30:00', '142.00', 'AirAsia', '2026-01-31 21:00:00'),
(11635, 'MH5593', 4, 3, '2026-01-31 17:00:00', '277.00', 'Malaysia Airlines', '2026-01-31 18:30:00'),
(11636, 'MH8294', 3, 4, '2026-01-31 21:30:00', '277.00', 'Malaysia Airlines', '2026-01-31 23:00:00'),
(11637, 'AK4448', 4, 3, '2026-01-31 18:00:00', '179.00', 'AirAsia', '2026-01-31 19:30:00'),
(11638, 'AK1604', 3, 4, '2026-01-31 21:30:00', '179.00', 'AirAsia', '2026-01-31 23:00:00'),
(11639, 'MH3699', 4, 3, '2026-01-31 20:30:00', '301.00', 'Malaysia Airlines', '2026-01-31 22:00:00'),
(11640, 'MH4068', 3, 4, '2026-02-01 00:00:00', '301.00', 'Malaysia Airlines', '2026-02-01 01:30:00'),
(11641, 'AK957', 4, 3, '2026-01-31 22:00:00', '161.00', 'AirAsia', '2026-01-31 23:30:00'),
(11642, 'AK9804', 3, 4, '2026-02-01 01:30:00', '161.00', 'AirAsia', '2026-02-01 03:00:00'),
(11643, 'MH834', 4, 3, '2026-01-31 23:00:00', '230.00', 'Malaysia Airlines', '2026-02-01 00:30:00'),
(11644, 'MH459', 3, 4, '2026-02-01 04:30:00', '230.00', 'Malaysia Airlines', '2026-02-01 06:00:00'),
(11645, 'FY7971', 4, 5, '2026-01-31 00:30:00', '202.00', 'Firefly', '2026-01-31 01:42:00'),
(11646, 'FY7245', 5, 4, '2026-01-31 04:42:00', '202.00', 'Firefly', '2026-01-31 05:54:00'),
(11647, 'FY5413', 4, 5, '2026-01-31 02:00:00', '194.00', 'Firefly', '2026-01-31 03:12:00'),
(11648, 'FY7522', 5, 4, '2026-01-31 06:12:00', '194.00', 'Firefly', '2026-01-31 07:24:00'),
(11649, 'FY1480', 4, 5, '2026-01-31 03:30:00', '228.00', 'Firefly', '2026-01-31 04:42:00'),
(11650, 'FY4815', 5, 4, '2026-01-31 06:42:00', '228.00', 'Firefly', '2026-01-31 07:54:00'),
(11651, 'FY7748', 4, 5, '2026-01-31 05:00:00', '226.00', 'Firefly', '2026-01-31 06:12:00'),
(11652, 'FY1201', 5, 4, '2026-01-31 10:12:00', '226.00', 'Firefly', '2026-01-31 11:24:00'),
(11653, 'FY2661', 4, 5, '2026-01-31 06:00:00', '198.00', 'Firefly', '2026-01-31 07:12:00'),
(11654, 'FY9818', 5, 4, '2026-01-31 10:12:00', '198.00', 'Firefly', '2026-01-31 11:24:00'),
(11655, 'FY3537', 4, 5, '2026-01-31 08:45:00', '269.00', 'Firefly', '2026-01-31 09:57:00'),
(11656, 'FY1047', 5, 4, '2026-01-31 12:57:00', '269.00', 'Firefly', '2026-01-31 14:09:00'),
(11657, 'FY1446', 4, 5, '2026-01-31 09:30:00', '300.00', 'Firefly', '2026-01-31 10:42:00'),
(11658, 'FY2867', 5, 4, '2026-01-31 13:42:00', '300.00', 'Firefly', '2026-01-31 14:54:00'),
(11659, 'FY8158', 4, 5, '2026-01-31 12:00:00', '221.00', 'Firefly', '2026-01-31 13:12:00'),
(11660, 'FY7312', 5, 4, '2026-01-31 17:12:00', '221.00', 'Firefly', '2026-01-31 18:24:00'),
(11661, 'FY9845', 4, 5, '2026-01-31 13:00:00', '206.00', 'Firefly', '2026-01-31 14:12:00'),
(11662, 'FY3131', 5, 4, '2026-01-31 17:12:00', '206.00', 'Firefly', '2026-01-31 18:24:00'),
(11663, 'FY3951', 4, 5, '2026-01-31 14:30:00', '204.00', 'Firefly', '2026-01-31 15:42:00'),
(11664, 'FY7423', 5, 4, '2026-01-31 19:42:00', '204.00', 'Firefly', '2026-01-31 20:54:00'),
(11665, 'FY262', 4, 5, '2026-01-31 17:30:00', '277.00', 'Firefly', '2026-01-31 18:42:00'),
(11666, 'FY3401', 5, 4, '2026-01-31 22:42:00', '277.00', 'Firefly', '2026-01-31 23:54:00'),
(11667, 'FY8150', 4, 5, '2026-01-31 19:00:00', '294.00', 'Firefly', '2026-01-31 20:12:00'),
(11668, 'FY7035', 5, 4, '2026-01-31 22:12:00', '294.00', 'Firefly', '2026-01-31 23:24:00'),
(11669, 'FY8895', 4, 5, '2026-01-31 20:30:00', '269.00', 'Firefly', '2026-01-31 21:42:00'),
(11670, 'FY1889', 5, 4, '2026-01-31 23:42:00', '269.00', 'Firefly', '2026-02-01 00:54:00'),
(11671, 'FY912', 4, 5, '2026-01-31 21:00:00', '226.00', 'Firefly', '2026-01-31 22:12:00'),
(11672, 'FY9330', 5, 4, '2026-02-01 00:12:00', '226.00', 'Firefly', '2026-02-01 01:24:00'),
(11673, 'MH3962', 4, 2, '2026-01-31 00:30:00', '226.00', 'Malaysia Airlines', '2026-01-31 02:33:00'),
(11674, 'MH229', 2, 4, '2026-01-31 06:33:00', '226.00', 'Malaysia Airlines', '2026-01-31 08:36:00'),
(11675, 'MH595', 4, 2, '2026-01-31 02:00:00', '224.00', 'Malaysia Airlines', '2026-01-31 04:03:00'),
(11676, 'MH1366', 2, 4, '2026-01-31 07:03:00', '224.00', 'Malaysia Airlines', '2026-01-31 09:06:00'),
(11677, 'MH4271', 4, 2, '2026-01-31 03:30:00', '206.00', 'Malaysia Airlines', '2026-01-31 05:33:00'),
(11678, 'MH221', 2, 4, '2026-01-31 09:33:00', '206.00', 'Malaysia Airlines', '2026-01-31 11:36:00'),
(11679, 'MH7722', 4, 2, '2026-01-31 05:30:00', '202.00', 'Malaysia Airlines', '2026-01-31 07:33:00'),
(11680, 'MH9378', 2, 4, '2026-01-31 09:33:00', '202.00', 'Malaysia Airlines', '2026-01-31 11:36:00'),
(11681, 'MH9411', 4, 2, '2026-01-31 07:30:00', '303.00', 'Malaysia Airlines', '2026-01-31 09:33:00');
INSERT INTO `flights` (`id`, `flight_number`, `origin_airport_id`, `dest_airport_id`, `departure_time`, `base_price`, `airline_name`, `arrival_time`) VALUES
(11682, 'MH5623', 2, 4, '2026-01-31 13:33:00', '303.00', 'Malaysia Airlines', '2026-01-31 15:36:00'),
(11683, 'MH9444', 4, 2, '2026-01-31 10:00:00', '232.00', 'Malaysia Airlines', '2026-01-31 12:03:00'),
(11684, 'MH838', 2, 4, '2026-01-31 14:03:00', '232.00', 'Malaysia Airlines', '2026-01-31 16:06:00'),
(11685, 'MH8358', 4, 2, '2026-01-31 11:00:00', '234.00', 'Malaysia Airlines', '2026-01-31 13:03:00'),
(11686, 'MH2501', 2, 4, '2026-01-31 16:03:00', '234.00', 'Malaysia Airlines', '2026-01-31 18:06:00'),
(11687, 'MH5414', 4, 2, '2026-01-31 11:30:00', '228.00', 'Malaysia Airlines', '2026-01-31 13:33:00'),
(11688, 'MH9377', 2, 4, '2026-01-31 17:33:00', '228.00', 'Malaysia Airlines', '2026-01-31 19:36:00'),
(11689, 'MH9118', 4, 2, '2026-01-31 12:00:00', '228.00', 'Malaysia Airlines', '2026-01-31 14:03:00'),
(11690, 'MH9810', 2, 4, '2026-01-31 16:03:00', '228.00', 'Malaysia Airlines', '2026-01-31 18:06:00'),
(11691, 'MH8624', 4, 2, '2026-01-31 14:30:00', '210.00', 'Malaysia Airlines', '2026-01-31 16:33:00'),
(11692, 'MH3486', 2, 4, '2026-01-31 19:33:00', '210.00', 'Malaysia Airlines', '2026-01-31 21:36:00'),
(11693, 'MH2271', 4, 2, '2026-01-31 15:00:00', '210.00', 'Malaysia Airlines', '2026-01-31 17:03:00'),
(11694, 'MH8008', 2, 4, '2026-01-31 19:03:00', '210.00', 'Malaysia Airlines', '2026-01-31 21:06:00'),
(11695, 'MH7525', 4, 2, '2026-01-31 17:00:00', '263.00', 'Malaysia Airlines', '2026-01-31 19:03:00'),
(11696, 'MH8851', 2, 4, '2026-01-31 23:03:00', '263.00', 'Malaysia Airlines', '2026-02-01 01:06:00'),
(11697, 'MH2675', 4, 2, '2026-01-31 19:00:00', '255.00', 'Malaysia Airlines', '2026-01-31 21:03:00'),
(11698, 'MH8384', 2, 4, '2026-01-31 23:03:00', '255.00', 'Malaysia Airlines', '2026-02-01 01:06:00'),
(11699, 'MH4605', 4, 2, '2026-01-31 19:30:00', '297.00', 'Malaysia Airlines', '2026-01-31 21:33:00'),
(11700, 'MH9447', 2, 4, '2026-02-01 00:33:00', '297.00', 'Malaysia Airlines', '2026-02-01 02:36:00'),
(11701, 'MH2369', 4, 2, '2026-01-31 20:30:00', '283.00', 'Malaysia Airlines', '2026-01-31 22:33:00'),
(11702, 'MH6797', 2, 4, '2026-02-01 02:33:00', '283.00', 'Malaysia Airlines', '2026-02-01 04:36:00'),
(11703, 'MH5527', 4, 2, '2026-01-31 23:00:00', '195.00', 'Malaysia Airlines', '2026-02-01 01:03:00'),
(11704, 'MH5075', 2, 4, '2026-02-01 04:03:00', '195.00', 'Malaysia Airlines', '2026-02-01 06:06:00'),
(11705, 'OD2004', 5, 3, '2026-01-31 00:30:00', '185.00', 'Batik Air Malaysia', '2026-01-31 02:23:00'),
(11706, 'OD9115', 3, 5, '2026-01-31 04:23:00', '185.00', 'Batik Air Malaysia', '2026-01-31 06:16:00'),
(11707, 'OD8983', 5, 3, '2026-01-31 02:00:00', '203.00', 'Batik Air Malaysia', '2026-01-31 03:53:00'),
(11708, 'OD3687', 3, 5, '2026-01-31 07:53:00', '203.00', 'Batik Air Malaysia', '2026-01-31 09:46:00'),
(11709, 'OD2512', 5, 3, '2026-01-31 03:30:00', '212.00', 'Batik Air Malaysia', '2026-01-31 05:23:00'),
(11710, 'OD4845', 3, 5, '2026-01-31 08:23:00', '212.00', 'Batik Air Malaysia', '2026-01-31 10:16:00'),
(11711, 'OD9150', 5, 3, '2026-01-31 06:00:00', '210.00', 'Batik Air Malaysia', '2026-01-31 07:53:00'),
(11712, 'OD5210', 3, 5, '2026-01-31 11:53:00', '210.00', 'Batik Air Malaysia', '2026-01-31 13:46:00'),
(11713, 'OD3248', 5, 3, '2026-01-31 07:30:00', '248.00', 'Batik Air Malaysia', '2026-01-31 09:23:00'),
(11714, 'OD5651', 3, 5, '2026-01-31 13:23:00', '248.00', 'Batik Air Malaysia', '2026-01-31 15:16:00'),
(11715, 'OD5997', 5, 3, '2026-01-31 09:30:00', '276.00', 'Batik Air Malaysia', '2026-01-31 11:23:00'),
(11716, 'OD8646', 3, 5, '2026-01-31 13:23:00', '276.00', 'Batik Air Malaysia', '2026-01-31 15:16:00'),
(11717, 'OD4778', 5, 3, '2026-01-31 10:00:00', '185.00', 'Batik Air Malaysia', '2026-01-31 11:53:00'),
(11718, 'OD7488', 3, 5, '2026-01-31 14:53:00', '185.00', 'Batik Air Malaysia', '2026-01-31 16:46:00'),
(11719, 'OD9004', 5, 3, '2026-01-31 12:00:00', '181.00', 'Batik Air Malaysia', '2026-01-31 13:53:00'),
(11720, 'OD795', 3, 5, '2026-01-31 17:53:00', '181.00', 'Batik Air Malaysia', '2026-01-31 19:46:00'),
(11721, 'OD6610', 5, 3, '2026-01-31 16:00:00', '210.00', 'Batik Air Malaysia', '2026-01-31 17:53:00'),
(11722, 'OD9078', 3, 5, '2026-01-31 20:53:00', '210.00', 'Batik Air Malaysia', '2026-01-31 22:46:00'),
(11723, 'OD3392', 5, 3, '2026-01-31 17:00:00', '269.00', 'Batik Air Malaysia', '2026-01-31 18:53:00'),
(11724, 'OD296', 3, 5, '2026-01-31 21:53:00', '269.00', 'Batik Air Malaysia', '2026-01-31 23:46:00'),
(11725, 'OD9478', 5, 3, '2026-01-31 18:00:00', '269.00', 'Batik Air Malaysia', '2026-01-31 19:53:00'),
(11726, 'OD124', 3, 5, '2026-01-31 23:53:00', '269.00', 'Batik Air Malaysia', '2026-02-01 01:46:00'),
(11727, 'OD8354', 5, 3, '2026-01-31 19:00:00', '274.00', 'Batik Air Malaysia', '2026-01-31 20:53:00'),
(11728, 'OD5900', 3, 5, '2026-01-31 22:53:00', '274.00', 'Batik Air Malaysia', '2026-02-01 00:46:00'),
(11729, 'OD2699', 5, 3, '2026-01-31 21:00:00', '212.00', 'Batik Air Malaysia', '2026-01-31 22:53:00'),
(11730, 'OD2329', 3, 5, '2026-02-01 00:53:00', '212.00', 'Batik Air Malaysia', '2026-02-01 02:46:00'),
(11731, 'OD663', 5, 3, '2026-01-31 23:00:00', '195.00', 'Batik Air Malaysia', '2026-02-01 00:53:00'),
(11732, 'OD3397', 3, 5, '2026-02-01 03:53:00', '195.00', 'Batik Air Malaysia', '2026-02-01 05:46:00'),
(11733, 'AK5761', 3, 2, '2026-01-31 03:30:00', '173.00', 'AirAsia', '2026-01-31 05:13:00'),
(11734, 'AK2675', 2, 3, '2026-01-31 08:13:00', '173.00', 'AirAsia', '2026-01-31 09:56:00'),
(11735, 'AK633', 3, 2, '2026-01-31 05:00:00', '176.00', 'AirAsia', '2026-01-31 06:43:00'),
(11736, 'AK259', 2, 3, '2026-01-31 08:43:00', '176.00', 'AirAsia', '2026-01-31 10:26:00'),
(11737, 'AK2875', 3, 2, '2026-01-31 05:30:00', '158.00', 'AirAsia', '2026-01-31 07:13:00'),
(11738, 'AK568', 2, 3, '2026-01-31 11:13:00', '158.00', 'AirAsia', '2026-01-31 12:56:00'),
(11739, 'AK7830', 3, 2, '2026-01-31 06:00:00', '150.00', 'AirAsia', '2026-01-31 07:43:00'),
(11740, 'AK9881', 2, 3, '2026-01-31 09:43:00', '150.00', 'AirAsia', '2026-01-31 11:26:00'),
(11741, 'AK5141', 3, 2, '2026-01-31 07:30:00', '223.00', 'AirAsia', '2026-01-31 09:13:00'),
(11742, 'AK4432', 2, 3, '2026-01-31 13:13:00', '223.00', 'AirAsia', '2026-01-31 14:56:00'),
(11743, 'AK2264', 3, 2, '2026-01-31 08:45:00', '191.00', 'AirAsia', '2026-01-31 10:28:00'),
(11744, 'AK4519', 2, 3, '2026-01-31 12:28:00', '191.00', 'AirAsia', '2026-01-31 14:11:00'),
(11745, 'AK2426', 3, 2, '2026-01-31 09:30:00', '210.00', 'AirAsia', '2026-01-31 11:13:00'),
(11746, 'AK2636', 2, 3, '2026-01-31 14:13:00', '210.00', 'AirAsia', '2026-01-31 15:56:00'),
(11747, 'AK3792', 3, 2, '2026-01-31 15:00:00', '179.00', 'AirAsia', '2026-01-31 16:43:00'),
(11748, 'AK5807', 2, 3, '2026-01-31 20:43:00', '179.00', 'AirAsia', '2026-01-31 22:26:00'),
(11749, 'AK3173', 3, 2, '2026-01-31 16:00:00', '160.00', 'AirAsia', '2026-01-31 17:43:00'),
(11750, 'AK3628', 2, 3, '2026-01-31 21:43:00', '160.00', 'AirAsia', '2026-01-31 23:26:00'),
(11751, 'AK4086', 3, 2, '2026-01-31 17:00:00', '206.00', 'AirAsia', '2026-01-31 18:43:00'),
(11752, 'AK2485', 2, 3, '2026-01-31 21:43:00', '206.00', 'AirAsia', '2026-01-31 23:26:00'),
(11753, 'AK7628', 3, 2, '2026-01-31 17:30:00', '212.00', 'AirAsia', '2026-01-31 19:13:00'),
(11754, 'AK3160', 2, 3, '2026-01-31 21:13:00', '212.00', 'AirAsia', '2026-01-31 22:56:00'),
(11755, 'AK9644', 3, 2, '2026-01-31 18:00:00', '216.00', 'AirAsia', '2026-01-31 19:43:00'),
(11756, 'AK4848', 2, 3, '2026-01-31 21:43:00', '216.00', 'AirAsia', '2026-01-31 23:26:00'),
(11757, 'AK4148', 3, 2, '2026-01-31 19:00:00', '227.00', 'AirAsia', '2026-01-31 20:43:00'),
(11758, 'AK3972', 2, 3, '2026-02-01 00:43:00', '227.00', 'AirAsia', '2026-02-01 02:26:00'),
(11759, 'AK1085', 3, 2, '2026-01-31 21:00:00', '147.00', 'AirAsia', '2026-01-31 22:43:00'),
(11760, 'AK7632', 2, 3, '2026-02-01 00:43:00', '147.00', 'AirAsia', '2026-02-01 02:26:00'),
(11761, 'AK2950', 1, 2, '2026-02-01 00:30:00', '92.00', 'AirAsia', '2026-02-01 01:30:00'),
(11762, 'AK6114', 2, 1, '2026-02-01 03:30:00', '92.00', 'AirAsia', '2026-02-01 04:30:00'),
(11763, 'MH4698', 1, 2, '2026-02-01 02:00:00', '160.00', 'Malaysia Airlines', '2026-02-01 03:00:00'),
(11764, 'MH1936', 2, 1, '2026-02-01 06:00:00', '160.00', 'Malaysia Airlines', '2026-02-01 07:00:00'),
(11765, 'FY4835', 1, 2, '2026-02-01 05:00:00', '118.00', 'Firefly', '2026-02-01 06:00:00'),
(11766, 'FY1783', 2, 1, '2026-02-01 09:00:00', '118.00', 'Firefly', '2026-02-01 10:00:00'),
(11767, 'AK992', 1, 2, '2026-02-01 06:00:00', '111.00', 'AirAsia', '2026-02-01 07:00:00'),
(11768, 'AK9910', 2, 1, '2026-02-01 10:00:00', '111.00', 'AirAsia', '2026-02-01 11:00:00'),
(11769, 'MH4232', 1, 2, '2026-02-01 09:30:00', '196.00', 'Malaysia Airlines', '2026-02-01 10:30:00'),
(11770, 'MH8641', 2, 1, '2026-02-01 12:30:00', '196.00', 'Malaysia Airlines', '2026-02-01 13:30:00'),
(11771, 'FY2124', 1, 2, '2026-02-01 11:00:00', '104.00', 'Firefly', '2026-02-01 12:00:00'),
(11772, 'FY8525', 2, 1, '2026-02-01 14:00:00', '104.00', 'Firefly', '2026-02-01 15:00:00'),
(11773, 'AK8959', 1, 2, '2026-02-01 11:30:00', '100.00', 'AirAsia', '2026-02-01 12:30:00'),
(11774, 'AK3435', 2, 1, '2026-02-01 16:30:00', '100.00', 'AirAsia', '2026-02-01 17:30:00'),
(11775, 'AK4365', 1, 2, '2026-02-01 12:00:00', '101.00', 'AirAsia', '2026-02-01 13:00:00'),
(11776, 'AK3485', 2, 1, '2026-02-01 15:00:00', '101.00', 'AirAsia', '2026-02-01 16:00:00'),
(11777, 'MH1031', 1, 2, '2026-02-01 16:00:00', '154.00', 'Malaysia Airlines', '2026-02-01 17:00:00'),
(11778, 'MH3502', 2, 1, '2026-02-01 21:00:00', '154.00', 'Malaysia Airlines', '2026-02-01 22:00:00'),
(11779, 'FY6831', 1, 2, '2026-02-01 17:00:00', '133.00', 'Firefly', '2026-02-01 18:00:00'),
(11780, 'FY5850', 2, 1, '2026-02-01 20:00:00', '133.00', 'Firefly', '2026-02-01 21:00:00'),
(11781, 'AK7510', 1, 2, '2026-02-01 17:30:00', '126.00', 'AirAsia', '2026-02-01 18:30:00'),
(11782, 'AK2327', 2, 1, '2026-02-01 20:30:00', '126.00', 'AirAsia', '2026-02-01 21:30:00'),
(11783, 'AK1287', 1, 2, '2026-02-01 18:00:00', '134.00', 'AirAsia', '2026-02-01 19:00:00'),
(11784, 'AK2463', 2, 1, '2026-02-01 21:00:00', '134.00', 'AirAsia', '2026-02-01 22:00:00'),
(11785, 'MH1688', 1, 2, '2026-02-01 19:30:00', '206.00', 'Malaysia Airlines', '2026-02-01 20:30:00'),
(11786, 'MH2116', 2, 1, '2026-02-02 00:30:00', '206.00', 'Malaysia Airlines', '2026-02-02 01:30:00'),
(11787, 'FY6460', 1, 2, '2026-02-01 21:00:00', '107.00', 'Firefly', '2026-02-01 22:00:00'),
(11788, 'FY4783', 2, 1, '2026-02-02 01:00:00', '107.00', 'Firefly', '2026-02-02 02:00:00'),
(11789, 'AK8878', 1, 5, '2026-02-01 00:30:00', '72.00', 'AirAsia', '2026-02-01 01:20:00'),
(11790, 'AK7584', 5, 1, '2026-02-01 03:20:00', '72.00', 'AirAsia', '2026-02-01 04:10:00'),
(11791, 'FY8330', 1, 5, '2026-02-01 02:00:00', '79.00', 'Firefly', '2026-02-01 02:50:00'),
(11792, 'FY4224', 5, 1, '2026-02-01 05:50:00', '79.00', 'Firefly', '2026-02-01 06:40:00'),
(11793, 'AK6939', 1, 5, '2026-02-01 03:30:00', '84.00', 'AirAsia', '2026-02-01 04:20:00'),
(11794, 'AK9100', 5, 1, '2026-02-01 07:20:00', '84.00', 'AirAsia', '2026-02-01 08:10:00'),
(11795, 'FY239', 1, 5, '2026-02-01 05:00:00', '90.00', 'Firefly', '2026-02-01 05:50:00'),
(11796, 'FY6455', 5, 1, '2026-02-01 07:50:00', '90.00', 'Firefly', '2026-02-01 08:40:00'),
(11797, 'AK3544', 1, 5, '2026-02-01 06:00:00', '78.00', 'AirAsia', '2026-02-01 06:50:00'),
(11798, 'AK4546', 5, 1, '2026-02-01 08:50:00', '78.00', 'AirAsia', '2026-02-01 09:40:00'),
(11799, 'FY1602', 1, 5, '2026-02-01 07:30:00', '124.00', 'Firefly', '2026-02-01 08:20:00'),
(11800, 'FY922', 5, 1, '2026-02-01 11:20:00', '124.00', 'Firefly', '2026-02-01 12:10:00'),
(11801, 'AK1988', 1, 5, '2026-02-01 10:00:00', '81.00', 'AirAsia', '2026-02-01 10:50:00'),
(11802, 'AK4641', 5, 1, '2026-02-01 12:50:00', '81.00', 'AirAsia', '2026-02-01 13:40:00'),
(11803, 'FY2425', 1, 5, '2026-02-01 11:00:00', '89.00', 'Firefly', '2026-02-01 11:50:00'),
(11804, 'FY839', 5, 1, '2026-02-01 15:50:00', '89.00', 'Firefly', '2026-02-01 16:40:00'),
(11805, 'AK9568', 1, 5, '2026-02-01 12:00:00', '85.00', 'AirAsia', '2026-02-01 12:50:00'),
(11806, 'AK5770', 5, 1, '2026-02-01 15:50:00', '85.00', 'AirAsia', '2026-02-01 16:40:00'),
(11807, 'FY668', 1, 5, '2026-02-01 13:00:00', '95.00', 'Firefly', '2026-02-01 13:50:00'),
(11808, 'FY7390', 5, 1, '2026-02-01 17:50:00', '95.00', 'Firefly', '2026-02-01 18:40:00'),
(11809, 'AK1637', 1, 5, '2026-02-01 16:00:00', '71.00', 'AirAsia', '2026-02-01 16:50:00'),
(11810, 'AK5367', 5, 1, '2026-02-01 20:50:00', '71.00', 'AirAsia', '2026-02-01 21:40:00'),
(11811, 'AK2077', 1, 5, '2026-02-01 19:30:00', '102.00', 'AirAsia', '2026-02-01 20:20:00'),
(11812, 'AK3962', 5, 1, '2026-02-01 22:20:00', '102.00', 'AirAsia', '2026-02-01 23:10:00'),
(11813, 'FY4425', 1, 5, '2026-02-01 21:00:00', '88.00', 'Firefly', '2026-02-01 21:50:00'),
(11814, 'FY6914', 5, 1, '2026-02-02 00:50:00', '88.00', 'Firefly', '2026-02-02 01:40:00'),
(11815, 'AK3017', 1, 5, '2026-02-01 22:00:00', '71.00', 'AirAsia', '2026-02-01 22:50:00'),
(11816, 'AK567', 5, 1, '2026-02-02 01:50:00', '71.00', 'AirAsia', '2026-02-02 02:40:00'),
(11817, 'FY7537', 1, 5, '2026-02-01 23:00:00', '80.00', 'Firefly', '2026-02-01 23:50:00'),
(11818, 'FY8175', 5, 1, '2026-02-02 01:50:00', '80.00', 'Firefly', '2026-02-02 02:40:00'),
(11819, 'AK1137', 1, 4, '2026-02-01 00:30:00', '228.00', 'AirAsia', '2026-02-01 03:00:00'),
(11820, 'AK5933', 4, 1, '2026-02-01 07:00:00', '228.00', 'AirAsia', '2026-02-01 09:30:00'),
(11821, 'MH7914', 1, 4, '2026-02-01 02:00:00', '297.00', 'Malaysia Airlines', '2026-02-01 04:30:00'),
(11822, 'MH7772', 4, 1, '2026-02-01 08:30:00', '297.00', 'Malaysia Airlines', '2026-02-01 11:00:00'),
(11823, 'OD8712', 1, 4, '2026-02-01 03:30:00', '282.00', 'Batik Air Malaysia', '2026-02-01 06:00:00'),
(11824, 'OD3233', 4, 1, '2026-02-01 10:00:00', '282.00', 'Batik Air Malaysia', '2026-02-01 12:30:00'),
(11825, 'AK7025', 1, 4, '2026-02-01 05:30:00', '239.00', 'AirAsia', '2026-02-01 08:00:00'),
(11826, 'AK4235', 4, 1, '2026-02-01 12:00:00', '239.00', 'AirAsia', '2026-02-01 14:30:00'),
(11827, 'AK5822', 1, 4, '2026-02-01 06:00:00', '200.00', 'AirAsia', '2026-02-01 08:30:00'),
(11828, 'AK4195', 4, 1, '2026-02-01 11:30:00', '200.00', 'AirAsia', '2026-02-01 14:00:00'),
(11829, 'MH8394', 1, 4, '2026-02-01 11:00:00', '319.00', 'Malaysia Airlines', '2026-02-01 13:30:00'),
(11830, 'MH7689', 4, 1, '2026-02-01 17:30:00', '319.00', 'Malaysia Airlines', '2026-02-01 20:00:00'),
(11831, 'OD5818', 1, 4, '2026-02-01 11:30:00', '240.00', 'Batik Air Malaysia', '2026-02-01 14:00:00'),
(11832, 'OD6157', 4, 1, '2026-02-01 16:00:00', '240.00', 'Batik Air Malaysia', '2026-02-01 18:30:00'),
(11833, 'AK4286', 1, 4, '2026-02-01 12:00:00', '215.00', 'AirAsia', '2026-02-01 14:30:00'),
(11834, 'AK1625', 4, 1, '2026-02-01 17:30:00', '215.00', 'AirAsia', '2026-02-01 20:00:00'),
(11835, 'MH1013', 1, 4, '2026-02-01 14:30:00', '359.00', 'Malaysia Airlines', '2026-02-01 17:00:00'),
(11836, 'MH1573', 4, 1, '2026-02-01 20:00:00', '359.00', 'Malaysia Airlines', '2026-02-01 22:30:00'),
(11837, 'OD8523', 1, 4, '2026-02-01 15:00:00', '238.00', 'Batik Air Malaysia', '2026-02-01 17:30:00'),
(11838, 'OD7389', 4, 1, '2026-02-01 19:30:00', '238.00', 'Batik Air Malaysia', '2026-02-01 22:00:00'),
(11839, 'AK2049', 1, 4, '2026-02-01 16:00:00', '219.00', 'AirAsia', '2026-02-01 18:30:00'),
(11840, 'AK3674', 4, 1, '2026-02-01 20:30:00', '219.00', 'AirAsia', '2026-02-01 23:00:00'),
(11841, 'AK3898', 1, 4, '2026-02-01 18:00:00', '275.00', 'AirAsia', '2026-02-01 20:30:00'),
(11842, 'AK6992', 4, 1, '2026-02-01 23:30:00', '275.00', 'AirAsia', '2026-02-02 02:00:00'),
(11843, 'MH8924', 1, 4, '2026-02-01 19:30:00', '428.00', 'Malaysia Airlines', '2026-02-01 22:00:00'),
(11844, 'MH3136', 4, 1, '2026-02-02 00:00:00', '428.00', 'Malaysia Airlines', '2026-02-02 02:30:00'),
(11845, 'OD8038', 1, 4, '2026-02-01 22:00:00', '248.00', 'Batik Air Malaysia', '2026-02-02 00:30:00'),
(11846, 'OD1686', 4, 1, '2026-02-02 02:30:00', '248.00', 'Batik Air Malaysia', '2026-02-02 05:00:00'),
(11847, 'AK2300', 1, 3, '2026-02-01 00:30:00', '159.00', 'AirAsia', '2026-02-01 02:15:00'),
(11848, 'AK9371', 3, 1, '2026-02-01 04:15:00', '159.00', 'AirAsia', '2026-02-01 06:00:00'),
(11849, 'MH5671', 1, 3, '2026-02-01 02:00:00', '270.00', 'Malaysia Airlines', '2026-02-01 03:45:00'),
(11850, 'MH3684', 3, 1, '2026-02-01 06:45:00', '270.00', 'Malaysia Airlines', '2026-02-01 08:30:00'),
(11851, 'OD658', 1, 3, '2026-02-01 05:00:00', '204.00', 'Batik Air Malaysia', '2026-02-01 06:45:00'),
(11852, 'OD3177', 3, 1, '2026-02-01 09:45:00', '204.00', 'Batik Air Malaysia', '2026-02-01 11:30:00'),
(11853, 'AK760', 1, 3, '2026-02-01 08:45:00', '201.00', 'AirAsia', '2026-02-01 10:30:00'),
(11854, 'AK2793', 3, 1, '2026-02-01 14:30:00', '201.00', 'AirAsia', '2026-02-01 16:15:00'),
(11855, 'MH2025', 1, 3, '2026-02-01 09:30:00', '324.00', 'Malaysia Airlines', '2026-02-01 11:15:00'),
(11856, 'MH5410', 3, 1, '2026-02-01 15:15:00', '324.00', 'Malaysia Airlines', '2026-02-01 17:00:00'),
(11857, 'OD6190', 1, 3, '2026-02-01 10:00:00', '225.00', 'Batik Air Malaysia', '2026-02-01 11:45:00'),
(11858, 'OD2998', 3, 1, '2026-02-01 15:45:00', '225.00', 'Batik Air Malaysia', '2026-02-01 17:30:00'),
(11859, 'AK7870', 1, 3, '2026-02-01 11:00:00', '186.00', 'AirAsia', '2026-02-01 12:45:00'),
(11860, 'AK5081', 3, 1, '2026-02-01 15:45:00', '186.00', 'AirAsia', '2026-02-01 17:30:00'),
(11861, 'AK7860', 1, 3, '2026-02-01 14:30:00', '161.00', 'AirAsia', '2026-02-01 16:15:00'),
(11862, 'AK6262', 3, 1, '2026-02-01 18:15:00', '161.00', 'AirAsia', '2026-02-01 20:00:00'),
(11863, 'MH3129', 1, 3, '2026-02-01 17:00:00', '347.00', 'Malaysia Airlines', '2026-02-01 18:45:00'),
(11864, 'MH9374', 3, 1, '2026-02-01 20:45:00', '347.00', 'Malaysia Airlines', '2026-02-01 22:30:00'),
(11865, 'OD8397', 1, 3, '2026-02-01 17:30:00', '288.00', 'Batik Air Malaysia', '2026-02-01 19:15:00'),
(11866, 'OD9577', 3, 1, '2026-02-01 23:15:00', '288.00', 'Batik Air Malaysia', '2026-02-02 01:00:00'),
(11867, 'AK6024', 1, 3, '2026-02-01 18:00:00', '219.00', 'AirAsia', '2026-02-01 19:45:00'),
(11868, 'AK5885', 3, 1, '2026-02-01 21:45:00', '219.00', 'AirAsia', '2026-02-01 23:30:00'),
(11869, 'MH7548', 1, 3, '2026-02-01 19:00:00', '321.00', 'Malaysia Airlines', '2026-02-01 20:45:00'),
(11870, 'MH4519', 3, 1, '2026-02-01 22:45:00', '321.00', 'Malaysia Airlines', '2026-02-02 00:30:00'),
(11871, 'OD4496', 1, 3, '2026-02-01 19:30:00', '272.00', 'Batik Air Malaysia', '2026-02-01 21:15:00'),
(11872, 'OD9739', 3, 1, '2026-02-02 01:15:00', '272.00', 'Batik Air Malaysia', '2026-02-02 03:00:00'),
(11873, 'AK8220', 1, 3, '2026-02-01 22:00:00', '161.00', 'AirAsia', '2026-02-01 23:45:00'),
(11874, 'AK7430', 3, 1, '2026-02-02 03:45:00', '161.00', 'AirAsia', '2026-02-02 05:30:00'),
(11875, 'AK2742', 2, 5, '2026-02-01 00:30:00', '107.00', 'AirAsia', '2026-02-01 01:40:00'),
(11876, 'AK1506', 5, 2, '2026-02-01 04:40:00', '107.00', 'AirAsia', '2026-02-01 05:50:00'),
(11877, 'AK7886', 2, 5, '2026-02-01 02:00:00', '120.00', 'AirAsia', '2026-02-01 03:10:00'),
(11878, 'AK8755', 5, 2, '2026-02-01 07:10:00', '120.00', 'AirAsia', '2026-02-01 08:20:00'),
(11879, 'AK6762', 2, 5, '2026-02-01 05:30:00', '120.00', 'AirAsia', '2026-02-01 06:40:00'),
(11880, 'AK9333', 5, 2, '2026-02-01 08:40:00', '120.00', 'AirAsia', '2026-02-01 09:50:00'),
(11881, 'AK1442', 2, 5, '2026-02-01 06:00:00', '121.00', 'AirAsia', '2026-02-01 07:10:00'),
(11882, 'AK2390', 5, 2, '2026-02-01 11:10:00', '121.00', 'AirAsia', '2026-02-01 12:20:00'),
(11883, 'AK4008', 2, 5, '2026-02-01 09:30:00', '135.00', 'AirAsia', '2026-02-01 10:40:00'),
(11884, 'AK7535', 5, 2, '2026-02-01 12:40:00', '135.00', 'AirAsia', '2026-02-01 13:50:00'),
(11885, 'AK9055', 2, 5, '2026-02-01 10:00:00', '109.00', 'AirAsia', '2026-02-01 11:10:00'),
(11886, 'AK7555', 5, 2, '2026-02-01 15:10:00', '109.00', 'AirAsia', '2026-02-01 16:20:00'),
(11887, 'AK9301', 2, 5, '2026-02-01 12:00:00', '125.00', 'AirAsia', '2026-02-01 13:10:00'),
(11888, 'AK3118', 5, 2, '2026-02-01 17:10:00', '125.00', 'AirAsia', '2026-02-01 18:20:00'),
(11889, 'AK1095', 2, 5, '2026-02-01 13:00:00', '122.00', 'AirAsia', '2026-02-01 14:10:00'),
(11890, 'AK2922', 5, 2, '2026-02-01 16:10:00', '122.00', 'AirAsia', '2026-02-01 17:20:00'),
(11891, 'AK1314', 2, 5, '2026-02-01 17:00:00', '141.00', 'AirAsia', '2026-02-01 18:10:00'),
(11892, 'AK187', 5, 2, '2026-02-01 21:10:00', '141.00', 'AirAsia', '2026-02-01 22:20:00'),
(11893, 'AK2325', 2, 5, '2026-02-01 17:30:00', '133.00', 'AirAsia', '2026-02-01 18:40:00'),
(11894, 'AK6740', 5, 2, '2026-02-01 20:40:00', '133.00', 'AirAsia', '2026-02-01 21:50:00'),
(11895, 'AK1421', 2, 5, '2026-02-01 18:00:00', '145.00', 'AirAsia', '2026-02-01 19:10:00'),
(11896, 'AK2774', 5, 2, '2026-02-01 21:10:00', '145.00', 'AirAsia', '2026-02-01 22:20:00'),
(11897, 'AK287', 2, 5, '2026-02-01 19:00:00', '133.00', 'AirAsia', '2026-02-01 20:10:00'),
(11898, 'AK3483', 5, 2, '2026-02-02 00:10:00', '133.00', 'AirAsia', '2026-02-02 01:20:00'),
(11899, 'AK4758', 2, 5, '2026-02-01 22:00:00', '123.00', 'AirAsia', '2026-02-01 23:10:00'),
(11900, 'AK9661', 5, 2, '2026-02-02 02:10:00', '123.00', 'AirAsia', '2026-02-02 03:20:00'),
(11901, 'AK1053', 2, 5, '2026-02-01 23:00:00', '125.00', 'AirAsia', '2026-02-02 00:10:00'),
(11902, 'AK4909', 5, 2, '2026-02-02 04:10:00', '125.00', 'AirAsia', '2026-02-02 05:20:00'),
(11903, 'AK7838', 4, 3, '2026-02-01 02:00:00', '138.00', 'AirAsia', '2026-02-01 03:30:00'),
(11904, 'AK5395', 3, 4, '2026-02-01 05:30:00', '138.00', 'AirAsia', '2026-02-01 07:00:00'),
(11905, 'MH6250', 4, 3, '2026-02-01 03:30:00', '223.00', 'Malaysia Airlines', '2026-02-01 05:00:00'),
(11906, 'MH4831', 3, 4, '2026-02-01 07:00:00', '223.00', 'Malaysia Airlines', '2026-02-01 08:30:00'),
(11907, 'AK826', 4, 3, '2026-02-01 05:00:00', '163.00', 'AirAsia', '2026-02-01 06:30:00'),
(11908, 'AK3013', 3, 4, '2026-02-01 09:30:00', '163.00', 'AirAsia', '2026-02-01 11:00:00'),
(11909, 'AK9355', 4, 3, '2026-02-01 07:30:00', '201.00', 'AirAsia', '2026-02-01 09:00:00'),
(11910, 'AK3679', 3, 4, '2026-02-01 11:00:00', '201.00', 'AirAsia', '2026-02-01 12:30:00'),
(11911, 'MH9077', 4, 3, '2026-02-01 10:00:00', '241.00', 'Malaysia Airlines', '2026-02-01 11:30:00'),
(11912, 'MH526', 3, 4, '2026-02-01 14:30:00', '241.00', 'Malaysia Airlines', '2026-02-01 16:00:00'),
(11913, 'AK101', 4, 3, '2026-02-01 11:00:00', '133.00', 'AirAsia', '2026-02-01 12:30:00'),
(11914, 'AK302', 3, 4, '2026-02-01 16:30:00', '133.00', 'AirAsia', '2026-02-01 18:00:00'),
(11915, 'AK5581', 4, 3, '2026-02-01 12:00:00', '155.00', 'AirAsia', '2026-02-01 13:30:00'),
(11916, 'AK4655', 3, 4, '2026-02-01 16:30:00', '155.00', 'AirAsia', '2026-02-01 18:00:00'),
(11917, 'MH1654', 4, 3, '2026-02-01 14:30:00', '225.00', 'Malaysia Airlines', '2026-02-01 16:00:00'),
(11918, 'MH3620', 3, 4, '2026-02-01 18:00:00', '225.00', 'Malaysia Airlines', '2026-02-01 19:30:00'),
(11919, 'AK5576', 4, 3, '2026-02-01 16:00:00', '154.00', 'AirAsia', '2026-02-01 17:30:00'),
(11920, 'AK2009', 3, 4, '2026-02-01 21:30:00', '154.00', 'AirAsia', '2026-02-01 23:00:00'),
(11921, 'AK1045', 4, 3, '2026-02-01 18:00:00', '197.00', 'AirAsia', '2026-02-01 19:30:00'),
(11922, 'AK9723', 3, 4, '2026-02-01 21:30:00', '197.00', 'AirAsia', '2026-02-01 23:00:00'),
(11923, 'MH3621', 4, 3, '2026-02-01 20:30:00', '277.00', 'Malaysia Airlines', '2026-02-01 22:00:00'),
(11924, 'MH9508', 3, 4, '2026-02-02 01:00:00', '277.00', 'Malaysia Airlines', '2026-02-02 02:30:00'),
(11925, 'AK2200', 4, 3, '2026-02-01 21:00:00', '148.00', 'AirAsia', '2026-02-01 22:30:00'),
(11926, 'AK3369', 3, 4, '2026-02-02 00:30:00', '148.00', 'AirAsia', '2026-02-02 02:00:00'),
(11927, 'MH1559', 4, 3, '2026-02-01 23:00:00', '210.00', 'Malaysia Airlines', '2026-02-02 00:30:00'),
(11928, 'MH7022', 3, 4, '2026-02-02 02:30:00', '210.00', 'Malaysia Airlines', '2026-02-02 04:00:00'),
(11929, 'FY3225', 4, 5, '2026-02-01 00:30:00', '228.00', 'Firefly', '2026-02-01 01:42:00'),
(11930, 'FY1655', 5, 4, '2026-02-01 05:42:00', '228.00', 'Firefly', '2026-02-01 06:54:00'),
(11931, 'FY2331', 4, 5, '2026-02-01 02:00:00', '215.00', 'Firefly', '2026-02-01 03:12:00'),
(11932, 'FY6011', 5, 4, '2026-02-01 07:12:00', '215.00', 'Firefly', '2026-02-01 08:24:00'),
(11933, 'FY127', 4, 5, '2026-02-01 03:30:00', '206.00', 'Firefly', '2026-02-01 04:42:00'),
(11934, 'FY3988', 5, 4, '2026-02-01 07:42:00', '206.00', 'Firefly', '2026-02-01 08:54:00'),
(11935, 'FY2898', 4, 5, '2026-02-01 05:30:00', '224.00', 'Firefly', '2026-02-01 06:42:00'),
(11936, 'FY868', 5, 4, '2026-02-01 09:42:00', '224.00', 'Firefly', '2026-02-01 10:54:00'),
(11937, 'FY7925', 4, 5, '2026-02-01 06:00:00', '196.00', 'Firefly', '2026-02-01 07:12:00'),
(11938, 'FY7152', 5, 4, '2026-02-01 11:12:00', '196.00', 'Firefly', '2026-02-01 12:24:00'),
(11939, 'FY6692', 4, 5, '2026-02-01 07:30:00', '305.00', 'Firefly', '2026-02-01 08:42:00'),
(11940, 'FY8295', 5, 4, '2026-02-01 10:42:00', '305.00', 'Firefly', '2026-02-01 11:54:00'),
(11941, 'FY5321', 4, 5, '2026-02-01 09:30:00', '291.00', 'Firefly', '2026-02-01 10:42:00'),
(11942, 'FY4745', 5, 4, '2026-02-01 13:42:00', '291.00', 'Firefly', '2026-02-01 14:54:00'),
(11943, 'FY3594', 4, 5, '2026-02-01 11:30:00', '221.00', 'Firefly', '2026-02-01 12:42:00'),
(11944, 'FY9032', 5, 4, '2026-02-01 15:42:00', '221.00', 'Firefly', '2026-02-01 16:54:00'),
(11945, 'FY9133', 4, 5, '2026-02-01 15:00:00', '237.00', 'Firefly', '2026-02-01 16:12:00'),
(11946, 'FY6298', 5, 4, '2026-02-01 18:12:00', '237.00', 'Firefly', '2026-02-01 19:24:00'),
(11947, 'FY4897', 4, 5, '2026-02-01 16:00:00', '224.00', 'Firefly', '2026-02-01 17:12:00'),
(11948, 'FY2450', 5, 4, '2026-02-01 20:12:00', '224.00', 'Firefly', '2026-02-01 21:24:00'),
(11949, 'FY6391', 4, 5, '2026-02-01 17:00:00', '255.00', 'Firefly', '2026-02-01 18:12:00'),
(11950, 'FY5526', 5, 4, '2026-02-01 21:12:00', '255.00', 'Firefly', '2026-02-01 22:24:00'),
(11951, 'FY662', 4, 5, '2026-02-01 20:30:00', '272.00', 'Firefly', '2026-02-01 21:42:00'),
(11952, 'FY6618', 5, 4, '2026-02-01 23:42:00', '272.00', 'Firefly', '2026-02-02 00:54:00'),
(11953, 'FY4814', 4, 5, '2026-02-01 22:00:00', '206.00', 'Firefly', '2026-02-01 23:12:00'),
(11954, 'FY6934', 5, 4, '2026-02-02 02:12:00', '206.00', 'Firefly', '2026-02-02 03:24:00'),
(11955, 'FY5955', 4, 5, '2026-02-01 23:00:00', '194.00', 'Firefly', '2026-02-02 00:12:00'),
(11956, 'FY9938', 5, 4, '2026-02-02 03:12:00', '194.00', 'Firefly', '2026-02-02 04:24:00'),
(11957, 'MH4168', 4, 2, '2026-02-01 00:30:00', '237.00', 'Malaysia Airlines', '2026-02-01 02:33:00'),
(11958, 'MH275', 2, 4, '2026-02-01 06:33:00', '237.00', 'Malaysia Airlines', '2026-02-01 08:36:00'),
(11959, 'MH4886', 4, 2, '2026-02-01 03:30:00', '215.00', 'Malaysia Airlines', '2026-02-01 05:33:00'),
(11960, 'MH177', 2, 4, '2026-02-01 08:33:00', '215.00', 'Malaysia Airlines', '2026-02-01 10:36:00'),
(11961, 'MH433', 4, 2, '2026-02-01 05:00:00', '204.00', 'Malaysia Airlines', '2026-02-01 07:03:00'),
(11962, 'MH2656', 2, 4, '2026-02-01 11:03:00', '204.00', 'Malaysia Airlines', '2026-02-01 13:06:00'),
(11963, 'MH3625', 4, 2, '2026-02-01 05:30:00', '210.00', 'Malaysia Airlines', '2026-02-01 07:33:00'),
(11964, 'MH9365', 2, 4, '2026-02-01 11:33:00', '210.00', 'Malaysia Airlines', '2026-02-01 13:36:00'),
(11965, 'MH526', 4, 2, '2026-02-01 06:00:00', '230.00', 'Malaysia Airlines', '2026-02-01 08:03:00'),
(11966, 'MH8527', 2, 4, '2026-02-01 11:03:00', '230.00', 'Malaysia Airlines', '2026-02-01 13:06:00'),
(11967, 'MH3556', 4, 2, '2026-02-01 07:30:00', '275.00', 'Malaysia Airlines', '2026-02-01 09:33:00'),
(11968, 'MH7279', 2, 4, '2026-02-01 13:33:00', '275.00', 'Malaysia Airlines', '2026-02-01 15:36:00'),
(11969, 'MH9722', 4, 2, '2026-02-01 11:00:00', '234.00', 'Malaysia Airlines', '2026-02-01 13:03:00'),
(11970, 'MH2952', 2, 4, '2026-02-01 17:03:00', '234.00', 'Malaysia Airlines', '2026-02-01 19:06:00'),
(11971, 'MH788', 4, 2, '2026-02-01 11:30:00', '232.00', 'Malaysia Airlines', '2026-02-01 13:33:00'),
(11972, 'MH3448', 2, 4, '2026-02-01 17:33:00', '232.00', 'Malaysia Airlines', '2026-02-01 19:36:00'),
(11973, 'MH6969', 4, 2, '2026-02-01 13:00:00', '197.00', 'Malaysia Airlines', '2026-02-01 15:03:00'),
(11974, 'MH770', 2, 4, '2026-02-01 17:03:00', '197.00', 'Malaysia Airlines', '2026-02-01 19:06:00'),
(11975, 'MH1740', 4, 2, '2026-02-01 15:00:00', '226.00', 'Malaysia Airlines', '2026-02-01 17:03:00'),
(11976, 'MH4894', 2, 4, '2026-02-01 21:03:00', '226.00', 'Malaysia Airlines', '2026-02-01 23:06:00'),
(11977, 'MH4926', 4, 2, '2026-02-01 17:00:00', '272.00', 'Malaysia Airlines', '2026-02-01 19:03:00'),
(11978, 'MH5771', 2, 4, '2026-02-01 21:03:00', '272.00', 'Malaysia Airlines', '2026-02-01 23:06:00'),
(11979, 'MH9982', 4, 2, '2026-02-01 18:00:00', '311.00', 'Malaysia Airlines', '2026-02-01 20:03:00'),
(11980, 'MH1697', 2, 4, '2026-02-01 22:03:00', '311.00', 'Malaysia Airlines', '2026-02-02 00:06:00'),
(11981, 'MH5187', 4, 2, '2026-02-01 19:30:00', '280.00', 'Malaysia Airlines', '2026-02-01 21:33:00'),
(11982, 'MH4656', 2, 4, '2026-02-01 23:33:00', '280.00', 'Malaysia Airlines', '2026-02-02 01:36:00'),
(11983, 'MH1013', 4, 2, '2026-02-01 20:30:00', '258.00', 'Malaysia Airlines', '2026-02-01 22:33:00'),
(11984, 'MH7446', 2, 4, '2026-02-02 00:33:00', '258.00', 'Malaysia Airlines', '2026-02-02 02:36:00'),
(11985, 'MH6051', 4, 2, '2026-02-01 23:00:00', '234.00', 'Malaysia Airlines', '2026-02-02 01:03:00'),
(11986, 'MH8764', 2, 4, '2026-02-02 04:03:00', '234.00', 'Malaysia Airlines', '2026-02-02 06:06:00'),
(11987, 'OD679', 5, 3, '2026-02-01 00:30:00', '174.00', 'Batik Air Malaysia', '2026-02-01 02:23:00'),
(11988, 'OD2610', 3, 5, '2026-02-01 04:23:00', '174.00', 'Batik Air Malaysia', '2026-02-01 06:16:00'),
(11989, 'OD5780', 5, 3, '2026-02-01 02:00:00', '178.00', 'Batik Air Malaysia', '2026-02-01 03:53:00'),
(11990, 'OD8122', 3, 5, '2026-02-01 05:53:00', '178.00', 'Batik Air Malaysia', '2026-02-01 07:46:00'),
(11991, 'OD3035', 5, 3, '2026-02-01 03:30:00', '176.00', 'Batik Air Malaysia', '2026-02-01 05:23:00'),
(11992, 'OD5127', 3, 5, '2026-02-01 07:23:00', '176.00', 'Batik Air Malaysia', '2026-02-01 09:16:00'),
(11993, 'OD3564', 5, 3, '2026-02-01 05:00:00', '201.00', 'Batik Air Malaysia', '2026-02-01 06:53:00'),
(11994, 'OD6605', 3, 5, '2026-02-01 10:53:00', '201.00', 'Batik Air Malaysia', '2026-02-01 12:46:00'),
(11995, 'OD4905', 5, 3, '2026-02-01 07:30:00', '226.00', 'Batik Air Malaysia', '2026-02-01 09:23:00'),
(11996, 'OD5721', 3, 5, '2026-02-01 11:23:00', '226.00', 'Batik Air Malaysia', '2026-02-01 13:16:00'),
(11997, 'OD996', 5, 3, '2026-02-01 10:00:00', '191.00', 'Batik Air Malaysia', '2026-02-01 11:53:00'),
(11998, 'OD8230', 3, 5, '2026-02-01 13:53:00', '191.00', 'Batik Air Malaysia', '2026-02-01 15:46:00'),
(11999, 'OD4973', 5, 3, '2026-02-01 11:30:00', '179.00', 'Batik Air Malaysia', '2026-02-01 13:23:00'),
(12000, 'OD5625', 3, 5, '2026-02-01 15:23:00', '179.00', 'Batik Air Malaysia', '2026-02-01 17:16:00'),
(12001, 'OD455', 5, 3, '2026-02-01 15:00:00', '193.00', 'Batik Air Malaysia', '2026-02-01 16:53:00'),
(12002, 'OD4809', 3, 5, '2026-02-01 18:53:00', '193.00', 'Batik Air Malaysia', '2026-02-01 20:46:00'),
(12003, 'OD3200', 5, 3, '2026-02-01 16:00:00', '183.00', 'Batik Air Malaysia', '2026-02-01 17:53:00'),
(12004, 'OD2801', 3, 5, '2026-02-01 21:53:00', '183.00', 'Batik Air Malaysia', '2026-02-01 23:46:00'),
(12005, 'OD5889', 5, 3, '2026-02-01 17:00:00', '251.00', 'Batik Air Malaysia', '2026-02-01 18:53:00'),
(12006, 'OD6071', 3, 5, '2026-02-01 21:53:00', '251.00', 'Batik Air Malaysia', '2026-02-01 23:46:00'),
(12007, 'OD4948', 5, 3, '2026-02-01 20:30:00', '269.00', 'Batik Air Malaysia', '2026-02-01 22:23:00'),
(12008, 'OD2510', 3, 5, '2026-02-02 02:23:00', '269.00', 'Batik Air Malaysia', '2026-02-02 04:16:00'),
(12009, 'OD3182', 5, 3, '2026-02-01 22:00:00', '185.00', 'Batik Air Malaysia', '2026-02-01 23:53:00'),
(12010, 'OD7596', 3, 5, '2026-02-02 03:53:00', '185.00', 'Batik Air Malaysia', '2026-02-02 05:46:00'),
(12011, 'OD5031', 5, 3, '2026-02-01 23:00:00', '210.00', 'Batik Air Malaysia', '2026-02-02 00:53:00'),
(12012, 'OD3280', 3, 5, '2026-02-02 04:53:00', '210.00', 'Batik Air Malaysia', '2026-02-02 06:46:00'),
(12013, 'AK1645', 3, 2, '2026-02-01 02:00:00', '156.00', 'AirAsia', '2026-02-01 03:43:00'),
(12014, 'AK2725', 2, 3, '2026-02-01 07:43:00', '156.00', 'AirAsia', '2026-02-01 09:26:00'),
(12015, 'AK6160', 3, 2, '2026-02-01 03:30:00', '147.00', 'AirAsia', '2026-02-01 05:13:00'),
(12016, 'AK4493', 2, 3, '2026-02-01 09:13:00', '147.00', 'AirAsia', '2026-02-01 10:56:00'),
(12017, 'AK2752', 3, 2, '2026-02-01 05:00:00', '165.00', 'AirAsia', '2026-02-01 06:43:00'),
(12018, 'AK6030', 2, 3, '2026-02-01 09:43:00', '165.00', 'AirAsia', '2026-02-01 11:26:00'),
(12019, 'AK2490', 3, 2, '2026-02-01 05:30:00', '174.00', 'AirAsia', '2026-02-01 07:13:00'),
(12020, 'AK1765', 2, 3, '2026-02-01 09:13:00', '174.00', 'AirAsia', '2026-02-01 10:56:00'),
(12021, 'AK6269', 3, 2, '2026-02-01 07:30:00', '220.00', 'AirAsia', '2026-02-01 09:13:00'),
(12022, 'AK6785', 2, 3, '2026-02-01 12:13:00', '220.00', 'AirAsia', '2026-02-01 13:56:00'),
(12023, 'AK1525', 3, 2, '2026-02-01 08:45:00', '210.00', 'AirAsia', '2026-02-01 10:28:00'),
(12024, 'AK5612', 2, 3, '2026-02-01 12:28:00', '210.00', 'AirAsia', '2026-02-01 14:11:00'),
(12025, 'AK2989', 3, 2, '2026-02-01 09:30:00', '210.00', 'AirAsia', '2026-02-01 11:13:00'),
(12026, 'AK1074', 2, 3, '2026-02-01 13:13:00', '210.00', 'AirAsia', '2026-02-01 14:56:00'),
(12027, 'AK4313', 3, 2, '2026-02-01 13:00:00', '152.00', 'AirAsia', '2026-02-01 14:43:00'),
(12028, 'AK6220', 2, 3, '2026-02-01 16:43:00', '152.00', 'AirAsia', '2026-02-01 18:26:00'),
(12029, 'AK8624', 3, 2, '2026-02-01 15:00:00', '173.00', 'AirAsia', '2026-02-01 16:43:00'),
(12030, 'AK4407', 2, 3, '2026-02-01 20:43:00', '173.00', 'AirAsia', '2026-02-01 22:26:00'),
(12031, 'AK3194', 3, 2, '2026-02-01 17:00:00', '223.00', 'AirAsia', '2026-02-01 18:43:00'),
(12032, 'AK3927', 2, 3, '2026-02-01 21:43:00', '223.00', 'AirAsia', '2026-02-01 23:26:00'),
(12033, 'AK2924', 3, 2, '2026-02-01 19:00:00', '214.00', 'AirAsia', '2026-02-01 20:43:00'),
(12034, 'AK9427', 2, 3, '2026-02-02 00:43:00', '214.00', 'AirAsia', '2026-02-02 02:26:00'),
(12035, 'AK5635', 3, 2, '2026-02-01 20:30:00', '220.00', 'AirAsia', '2026-02-01 22:13:00'),
(12036, 'AK8905', 2, 3, '2026-02-02 02:13:00', '220.00', 'AirAsia', '2026-02-02 03:56:00'),
(12037, 'AK191', 3, 2, '2026-02-01 21:00:00', '153.00', 'AirAsia', '2026-02-01 22:43:00'),
(12038, 'AK6785', 2, 3, '2026-02-02 01:43:00', '153.00', 'AirAsia', '2026-02-02 03:26:00'),
(12039, 'MH6301', 2, 4, '2026-01-29 05:33:00', '180.00', 'Malaysia Airlines', '2026-01-29 07:36:00'),
(12040, 'MH9303', 4, 2, '2026-01-30 10:00:00', '197.00', 'Malaysia Airlines', '2026-01-30 12:03:00');

-- --------------------------------------------------------

--
-- Table structure for table `passengers`
--

CREATE TABLE `passengers` (
  `id` int NOT NULL,
  `user_id` int DEFAULT NULL,
  `full_name` varchar(255) NOT NULL,
  `passport_number` varchar(50) DEFAULT NULL,
  `phone_number` varchar(20) DEFAULT NULL,
  `booking_id` int DEFAULT NULL,
  `dob` date DEFAULT NULL,
  `type` varchar(20) DEFAULT NULL,
  `seat_number` varchar(255) NOT NULL
) ENGINE=InnoDB DEFAULT CHARSET=utf8mb4 COLLATE=utf8mb4_0900_ai_ci;

--
-- Dumping data for table `passengers`
--

INSERT INTO `passengers` (`id`, `user_id`, `full_name`, `passport_number`, `phone_number`, `booking_id`, `dob`, `type`, `seat_number`) VALUES
(273, 2, 'Tester Flight', 'P78469166', '0116723465', 1, '2011-11-11', 'Adult', '13E'),
(274, 2, 'Tester Flight', 'P10200012', '0116723465', 2, '2011-11-11', 'Adult', '17B');

-- --------------------------------------------------------

--
-- Table structure for table `users`
--

CREATE TABLE `users` (
  `id` int NOT NULL,
  `username` varchar(50) NOT NULL,
  `password` varchar(255) NOT NULL,
  `email` varchar(100) NOT NULL,
  `role` varchar(20) DEFAULT 'passenger',
  `created` datetime DEFAULT CURRENT_TIMESTAMP,
  `modified` datetime DEFAULT CURRENT_TIMESTAMP ON UPDATE CURRENT_TIMESTAMP
) ENGINE=InnoDB DEFAULT CHARSET=utf8mb4 COLLATE=utf8mb4_0900_ai_ci;

--
-- Dumping data for table `users`
--

INSERT INTO `users` (`id`, `username`, `password`, `email`, `role`, `created`, `modified`) VALUES
(1, 'admin', '123', 'admin@flyhigh.com', 'admin', '2026-01-17 09:50:45', '2026-01-17 17:54:55'),
(2, 'user', '123', 'user@flyhigh.com', 'user', '2026-01-17 09:51:45', '2026-01-28 23:18:47');

--
-- Indexes for dumped tables
--

--
-- Indexes for table `airports`
--
ALTER TABLE `airports`
  ADD PRIMARY KEY (`id`),
  ADD UNIQUE KEY `airport_code` (`airport_code`);

--
-- Indexes for table `bookings`
--
ALTER TABLE `bookings`
  ADD PRIMARY KEY (`id`),
  ADD KEY `passenger_id` (`passenger_id`),
  ADD KEY `flight_id` (`flight_id`);

--
-- Indexes for table `flights`
--
ALTER TABLE `flights`
  ADD PRIMARY KEY (`id`),
  ADD KEY `origin_airport_id` (`origin_airport_id`),
  ADD KEY `dest_airport_id` (`dest_airport_id`);

--
-- Indexes for table `passengers`
--
ALTER TABLE `passengers`
  ADD PRIMARY KEY (`id`),
  ADD KEY `booking_id` (`booking_id`),
  ADD KEY `user_id` (`user_id`);

--
-- Indexes for table `users`
--
ALTER TABLE `users`
  ADD PRIMARY KEY (`id`),
  ADD UNIQUE KEY `username` (`username`),
  ADD UNIQUE KEY `email` (`email`);

--
-- AUTO_INCREMENT for dumped tables
--

--
-- AUTO_INCREMENT for table `airports`
--
ALTER TABLE `airports`
  MODIFY `id` int NOT NULL AUTO_INCREMENT, AUTO_INCREMENT=6;

--
-- AUTO_INCREMENT for table `bookings`
--
ALTER TABLE `bookings`
  MODIFY `id` int NOT NULL AUTO_INCREMENT, AUTO_INCREMENT=3;

--
-- AUTO_INCREMENT for table `flights`
--
ALTER TABLE `flights`
  MODIFY `id` int NOT NULL AUTO_INCREMENT, AUTO_INCREMENT=12041;

--
-- AUTO_INCREMENT for table `passengers`
--
ALTER TABLE `passengers`
  MODIFY `id` int NOT NULL AUTO_INCREMENT, AUTO_INCREMENT=275;

--
-- AUTO_INCREMENT for table `users`
--
ALTER TABLE `users`
  MODIFY `id` int NOT NULL AUTO_INCREMENT, AUTO_INCREMENT=3;

--
-- Constraints for dumped tables
--

--
-- Constraints for table `bookings`
--
ALTER TABLE `bookings`
  ADD CONSTRAINT `bookings_ibfk_1` FOREIGN KEY (`passenger_id`) REFERENCES `passengers` (`id`),
  ADD CONSTRAINT `bookings_ibfk_2` FOREIGN KEY (`flight_id`) REFERENCES `flights` (`id`);

--
-- Constraints for table `flights`
--
ALTER TABLE `flights`
  ADD CONSTRAINT `flights_ibfk_1` FOREIGN KEY (`origin_airport_id`) REFERENCES `airports` (`id`),
  ADD CONSTRAINT `flights_ibfk_2` FOREIGN KEY (`dest_airport_id`) REFERENCES `airports` (`id`);

--
-- Constraints for table `passengers`
--
ALTER TABLE `passengers`
  ADD CONSTRAINT `passengers_ibfk_1` FOREIGN KEY (`user_id`) REFERENCES `users` (`id`) ON DELETE SET NULL;
COMMIT;

/*!40101 SET CHARACTER_SET_CLIENT=@OLD_CHARACTER_SET_CLIENT */;
/*!40101 SET CHARACTER_SET_RESULTS=@OLD_CHARACTER_SET_RESULTS */;
/*!40101 SET COLLATION_CONNECTION=@OLD_COLLATION_CONNECTION */;
